
-- Drop existing tables
DROP TABLE IF EXISTS "Nilai";
DROP TABLE IF EXISTS "KRS";
DROP TABLE IF EXISTS "Matakuliah";
DROP TABLE IF EXISTS "Dosen";
DROP TABLE IF EXISTS "Mahasiswa";

-- Mahasiswa
CREATE TABLE "Mahasiswa" (
    "nim" VARCHAR PRIMARY KEY,
    "nama" VARCHAR,
    "jenis_kelamin" VARCHAR, 
    "prodi" VARCHAR, 
    "kelas" VARCHAR,  
    "angkatan" VARCHAR, 
    "status_aktif" VARCHAR, 
    "semester" INTEGER 
);

-- Dosen
CREATE TABLE "Dosen" (
    "kode_dosen" VARCHAR PRIMARY KEY,
    "nama" VARCHAR,
    "mata_kuliah" VARCHAR
);

-- Matakuliah
CREATE TABLE "Matakuliah" (
    "kode_matakuliah" VARCHAR PRIMARY KEY,
    "nama_matakuliah" VARCHAR,
    "sks" INTEGER,
    "prodi" VARCHAR,
    "kode_dosen" VARCHAR REFERENCES "Dosen"("kode_dosen"),
    "semester" INTEGER,
    "hari" VARCHAR,
    "jam_mulai" VARCHAR,
    "jam_selesai" VARCHAR,
    "ruangan" VARCHAR
);

-- KRS
CREATE TABLE "KRS" (
    "id" SERIAL PRIMARY KEY,
    "nim" VARCHAR REFERENCES "Mahasiswa"("nim"),
    "kode_matakuliah" VARCHAR REFERENCES "Matakuliah"("kode_matakuliah")
);

-- Nilai
CREATE TABLE "Nilai" (
    "id" SERIAL PRIMARY KEY,
    "nim" VARCHAR REFERENCES "Mahasiswa"("nim"),
    "kode_matakuliah" VARCHAR REFERENCES "Matakuliah"("kode_matakuliah"),
    "absensi" INTEGER,
    "tugas" INTEGER,
    "quiz" INTEGER,
    "uts" INTEGER,
    "uas" INTEGER,
    "nilai_akhir" DECIMAL,
    "grade" VARCHAR,
    "status" VARCHAR
);

-- Insert Mahasiswa
INSERT INTO "Mahasiswa" VALUES ('25411615140', 'Eko Santoso', 'Laki-laki', 'Informatika', 'IF-25C', '2025', 'Aktif', 2);
INSERT INTO "Mahasiswa" VALUES ('24839078462', 'Dita Saputra', 'Perempuan', 'Informatika', 'IF-24B', '2024', 'Aktif', 4);
INSERT INTO "Mahasiswa" VALUES ('22589448661', 'Putri Setiawan', 'Perempuan', 'Informatika', 'IF-22C', '2022', 'Aktif', 8);
INSERT INTO "Mahasiswa" VALUES ('24418750449', 'Nadia Santoso', 'Perempuan', 'Kedokteran', 'KD-24B', '2024', 'Aktif', 4);
INSERT INTO "Mahasiswa" VALUES ('22458661856', 'Ilham Santoso', 'Laki-laki', 'Informatika', 'IF-22C', '2022', 'Cuti', 8);
INSERT INTO "Mahasiswa" VALUES ('25049664753', 'Rizky Pangestu', 'Laki-laki', 'Kedokteran', 'KD-25B', '2025', 'Aktif', 2);
INSERT INTO "Mahasiswa" VALUES ('24515495939', 'Siti Pangestu', 'Perempuan', 'Kedokteran', 'KD-24A', '2024', 'Aktif', 4);
INSERT INTO "Mahasiswa" VALUES ('22168383283', 'Hendra Nasution', 'Laki-laki', 'Teknik Industri', 'TI-22A', '2022', 'Aktif', 8);
INSERT INTO "Mahasiswa" VALUES ('25882048084', 'Indah Hidayat', 'Perempuan', 'Kedokteran', 'KD-25C', '2025', 'Aktif', 2);
INSERT INTO "Mahasiswa" VALUES ('23029905260', 'Surya Saputra', 'Laki-laki', 'Sistem Informasi', 'SI-23C', '2023', 'Aktif', 6);
INSERT INTO "Mahasiswa" VALUES ('22733451956', 'Andi Siregar', 'Laki-laki', 'Informatika', 'IF-22A', '2022', 'Cuti', 8);
INSERT INTO "Mahasiswa" VALUES ('23608900054', 'Rizky Wijaya', 'Laki-laki', 'Informatika', 'IF-23C', '2023', 'Aktif', 6);
INSERT INTO "Mahasiswa" VALUES ('22442777574', 'Ani Santoso', 'Perempuan', 'Informatika', 'IF-22C', '2022', 'Aktif', 8);
INSERT INTO "Mahasiswa" VALUES ('25399950755', 'Ahmad Pangestu', 'Laki-laki', 'Teknik Industri', 'TI-25A', '2025', 'Aktif', 2);
INSERT INTO "Mahasiswa" VALUES ('23604495589', 'Mega Saputra', 'Perempuan', 'Informatika', 'IF-23C', '2023', 'Aktif', 6);
INSERT INTO "Mahasiswa" VALUES ('24746098548', 'Mega Nasution', 'Perempuan', 'Sistem Informasi', 'SI-24A', '2024', 'Aktif', 4);
INSERT INTO "Mahasiswa" VALUES ('24817611980', 'Indah Siregar', 'Perempuan', 'Kedokteran', 'KD-24A', '2024', 'Aktif', 4);
INSERT INTO "Mahasiswa" VALUES ('23034841055', 'Rizky Wijaya', 'Laki-laki', 'Informatika', 'IF-23C', '2023', 'Aktif', 6);
INSERT INTO "Mahasiswa" VALUES ('25003116260', 'Dedi Pangestu', 'Laki-laki', 'Teknik Industri', 'TI-25B', '2025', 'Aktif', 2);
INSERT INTO "Mahasiswa" VALUES ('22784438417', 'Dian Pratama', 'Perempuan', 'Sistem Informasi', 'SI-22A', '2022', 'Aktif', 8);
INSERT INTO "Mahasiswa" VALUES ('23845576763', 'Nadia Nugroho', 'Perempuan', 'Sistem Informasi', 'SI-23A', '2023', 'Cuti', 6);
INSERT INTO "Mahasiswa" VALUES ('22424014591', 'Putri Siregar', 'Perempuan', 'Informatika', 'IF-22B', '2022', 'Aktif', 8);
INSERT INTO "Mahasiswa" VALUES ('25233969671', 'Doni Wijaya', 'Laki-laki', 'Sistem Informasi', 'SI-25C', '2025', 'Aktif', 2);
INSERT INTO "Mahasiswa" VALUES ('22675402019', 'Putri Nugroho', 'Perempuan', 'Teknik Industri', 'TI-22B', '2022', 'Aktif', 8);
INSERT INTO "Mahasiswa" VALUES ('22727387304', 'Siti Santoso', 'Perempuan', 'Sistem Informasi', 'SI-22B', '2022', 'Aktif', 8);
INSERT INTO "Mahasiswa" VALUES ('24260020101', 'Ahmad Nasution', 'Laki-laki', 'Teknik Industri', 'TI-24C', '2024', 'Lulus', 4);
INSERT INTO "Mahasiswa" VALUES ('22556399233', 'Aditya Santoso', 'Laki-laki', 'Sistem Informasi', 'SI-22C', '2022', 'Aktif', 8);
INSERT INTO "Mahasiswa" VALUES ('25638530969', 'Siti Kusuma', 'Perempuan', 'Informatika', 'IF-25A', '2025', 'Aktif', 2);
INSERT INTO "Mahasiswa" VALUES ('25237090467', 'Agus Wijaya', 'Laki-laki', 'Kedokteran', 'KD-25A', '2025', 'Aktif', 2);
INSERT INTO "Mahasiswa" VALUES ('25153527172', 'Fajar Santoso', 'Laki-laki', 'Kedokteran', 'KD-25C', '2025', 'Aktif', 2);
INSERT INTO "Mahasiswa" VALUES ('25779056260', 'Rina Kusuma', 'Perempuan', 'Kedokteran', 'KD-25A', '2025', 'Aktif', 2);
INSERT INTO "Mahasiswa" VALUES ('22308659427', 'Joko Kusuma', 'Laki-laki', 'Sistem Informasi', 'SI-22C', '2022', 'Aktif', 8);
INSERT INTO "Mahasiswa" VALUES ('23554407033', 'Indah Nasution', 'Perempuan', 'Kedokteran', 'KD-23A', '2023', 'Aktif', 6);
INSERT INTO "Mahasiswa" VALUES ('24818022632', 'Rizky Wibowo', 'Laki-laki', 'Sistem Informasi', 'SI-24C', '2024', 'Aktif', 4);
INSERT INTO "Mahasiswa" VALUES ('22190140562', 'Ahmad Wijaya', 'Laki-laki', 'Kedokteran', 'KD-22C', '2022', 'Aktif', 8);
INSERT INTO "Mahasiswa" VALUES ('24661141698', 'Joko Pangestu', 'Laki-laki', 'Sistem Informasi', 'SI-24B', '2024', 'Aktif', 4);
INSERT INTO "Mahasiswa" VALUES ('23178368218', 'Dimas Nugroho', 'Laki-laki', 'Informatika', 'IF-23C', '2023', 'Cuti', 6);
INSERT INTO "Mahasiswa" VALUES ('23660453530', 'Rina Nugroho', 'Perempuan', 'Kedokteran', 'KD-23A', '2023', 'Lulus', 6);
INSERT INTO "Mahasiswa" VALUES ('24452479523', 'Rian Siregar', 'Laki-laki', 'Sistem Informasi', 'SI-24B', '2024', 'Aktif', 4);
INSERT INTO "Mahasiswa" VALUES ('22706218186', 'Rizky Kusuma', 'Laki-laki', 'Kedokteran', 'KD-22C', '2022', 'Lulus', 8);
INSERT INTO "Mahasiswa" VALUES ('22715881975', 'Aditya Kusuma', 'Laki-laki', 'Informatika', 'IF-22C', '2022', 'Aktif', 8);
INSERT INTO "Mahasiswa" VALUES ('22467841556', 'Rian Hidayat', 'Laki-laki', 'Kedokteran', 'KD-22B', '2022', 'Aktif', 8);
INSERT INTO "Mahasiswa" VALUES ('25653059765', 'Budi Hidayat', 'Laki-laki', 'Sistem Informasi', 'SI-25A', '2025', 'Aktif', 2);
INSERT INTO "Mahasiswa" VALUES ('24904583109', 'Doni Siregar', 'Laki-laki', 'Teknik Industri', 'TI-24A', '2024', 'Aktif', 4);
INSERT INTO "Mahasiswa" VALUES ('24194760272', 'Dewi Santoso', 'Perempuan', 'Informatika', 'IF-24B', '2024', 'Cuti', 4);
INSERT INTO "Mahasiswa" VALUES ('25251974514', 'Wulan Nugroho', 'Perempuan', 'Teknik Industri', 'TI-25A', '2025', 'Aktif', 2);
INSERT INTO "Mahasiswa" VALUES ('24190725532', 'Siti Pratama', 'Perempuan', 'Informatika', 'IF-24B', '2024', 'Lulus', 4);
INSERT INTO "Mahasiswa" VALUES ('22557043143', 'Hendra Wijaya', 'Laki-laki', 'Informatika', 'IF-22C', '2022', 'Aktif', 8);
INSERT INTO "Mahasiswa" VALUES ('23620265825', 'Dedi Hidayat', 'Laki-laki', 'Teknik Industri', 'TI-23C', '2023', 'Aktif', 6);
INSERT INTO "Mahasiswa" VALUES ('25382982636', 'Joko Wibowo', 'Laki-laki', 'Sistem Informasi', 'SI-25C', '2025', 'Aktif', 2);
INSERT INTO "Mahasiswa" VALUES ('23646193032', 'Putri Hidayat', 'Perempuan', 'Teknik Industri', 'TI-23C', '2023', 'Aktif', 6);
INSERT INTO "Mahasiswa" VALUES ('22908223940', 'Maya Pangestu', 'Perempuan', 'Informatika', 'IF-22C', '2022', 'Aktif', 8);
INSERT INTO "Mahasiswa" VALUES ('24352665405', 'Rizky Setiawan', 'Laki-laki', 'Informatika', 'IF-24C', '2024', 'Aktif', 4);
INSERT INTO "Mahasiswa" VALUES ('23374649856', 'Indah Saputra', 'Perempuan', 'Informatika', 'IF-23C', '2023', 'Aktif', 6);
INSERT INTO "Mahasiswa" VALUES ('24420876179', 'Fajar Pangestu', 'Laki-laki', 'Informatika', 'IF-24A', '2024', 'Aktif', 4);

-- Insert Dosen
INSERT INTO "Dosen" VALUES ('D001', 'Fajar Nugroho, S.T., M.T.', 'Matakuliah Dosen 1');
INSERT INTO "Dosen" VALUES ('D002', 'Aditya Santoso, M.Kom', 'Matakuliah Dosen 2');
INSERT INTO "Dosen" VALUES ('D003', 'Mega Wibowo, S.T., M.T.', 'Matakuliah Dosen 3');
INSERT INTO "Dosen" VALUES ('D004', 'Andi Nasution, Ph.D', 'Matakuliah Dosen 4');
INSERT INTO "Dosen" VALUES ('D005', 'Aditya Nasution, S.Kom., M.Cs.', 'Matakuliah Dosen 5');
INSERT INTO "Dosen" VALUES ('D006', 'Doni Hidayat, S.Kom., M.Cs.', 'Matakuliah Dosen 6');
INSERT INTO "Dosen" VALUES ('D007', 'Rika Santoso, S.Kom., M.Cs.', 'Matakuliah Dosen 7');
INSERT INTO "Dosen" VALUES ('D008', 'Rian Siregar, S.Kom., M.Cs.', 'Matakuliah Dosen 8');
INSERT INTO "Dosen" VALUES ('D009', 'Dita Nasution, Ph.D', 'Matakuliah Dosen 9');
INSERT INTO "Dosen" VALUES ('D010', 'Rian Setiawan, S.Kom., M.Cs.', 'Matakuliah Dosen 10');
INSERT INTO "Dosen" VALUES ('D011', 'Wulan Nasution, S.T., M.T.', 'Matakuliah Dosen 11');
INSERT INTO "Dosen" VALUES ('D012', 'Tika Pratama, S.Kom., M.Cs.', 'Matakuliah Dosen 12');
INSERT INTO "Dosen" VALUES ('D013', 'Ahmad Setiawan, Ph.D', 'Matakuliah Dosen 13');
INSERT INTO "Dosen" VALUES ('D014', 'Wulan Hidayat, S.Kom., M.Cs.', 'Matakuliah Dosen 14');
INSERT INTO "Dosen" VALUES ('D015', 'Indah Haryanto, M.Kom', 'Matakuliah Dosen 15');
INSERT INTO "Dosen" VALUES ('D016', 'Maya Wibowo, S.Kom., M.Cs.', 'Matakuliah Dosen 16');
INSERT INTO "Dosen" VALUES ('D017', 'Dian Pratama, Dr.', 'Matakuliah Dosen 17');
INSERT INTO "Dosen" VALUES ('D018', 'Dewi Santoso, Dr.', 'Matakuliah Dosen 18');
INSERT INTO "Dosen" VALUES ('D019', 'Mega Nugroho, S.T., M.T.', 'Matakuliah Dosen 19');
INSERT INTO "Dosen" VALUES ('D020', 'Doni Pratama, Dr.', 'Matakuliah Dosen 20');

-- Insert Matakuliah
INSERT INTO "Matakuliah" VALUES ('MK001', 'Algoritma dan Pemrograman', 2, 'Teknik Industri', 'D017', 2, 'Jumat', '10:00', '11:40', 'R208');
INSERT INTO "Matakuliah" VALUES ('MK002', 'Struktur Data', 3, 'Kedokteran', 'D020', 4, 'Senin', '10:00', '11:40', 'R407');
INSERT INTO "Matakuliah" VALUES ('MK003', 'Basis Data', 4, 'Informatika', 'D010', 8, 'Selasa', '15:00', '16:40', 'R101');
INSERT INTO "Matakuliah" VALUES ('MK004', 'Sistem Operasi', 4, 'Sistem Informasi', 'D016', 8, 'Jumat', '10:00', '11:40', 'R409');
INSERT INTO "Matakuliah" VALUES ('MK005', 'Jaringan Komputer', 2, 'Informatika', 'D020', 6, 'Rabu', '13:00', '14:40', 'R301');
INSERT INTO "Matakuliah" VALUES ('MK006', 'Pemrograman Web', 2, 'Sistem Informasi', 'D017', 8, 'Rabu', '15:00', '16:40', 'R207');
INSERT INTO "Matakuliah" VALUES ('MK007', 'Pemrograman Berorientasi Objek', 2, 'Kedokteran', 'D002', 8, 'Rabu', '10:00', '11:40', 'R106');
INSERT INTO "Matakuliah" VALUES ('MK008', 'Kecerdasan Buatan', 3, 'Informatika', 'D005', 2, 'Selasa', '13:00', '14:40', 'R206');
INSERT INTO "Matakuliah" VALUES ('MK009', 'Rekayasa Perangkat Lunak', 3, 'Kedokteran', 'D004', 2, 'Selasa', '13:00', '14:40', 'R308');
INSERT INTO "Matakuliah" VALUES ('MK010', 'Matematika Diskrit', 3, 'Sistem Informasi', 'D002', 4, 'Jumat', '08:00', '09:40', 'R204');
INSERT INTO "Matakuliah" VALUES ('MK011', 'Aljabar Linear', 4, 'Kedokteran', 'D004', 4, 'Jumat', '08:00', '09:40', 'R402');
INSERT INTO "Matakuliah" VALUES ('MK012', 'Kalkulus', 2, 'Informatika', 'D016', 8, 'Selasa', '08:00', '09:40', 'R105');
INSERT INTO "Matakuliah" VALUES ('MK013', 'Fisika Dasar', 3, 'Informatika', 'D017', 6, 'Rabu', '08:00', '09:40', 'R408');
INSERT INTO "Matakuliah" VALUES ('MK014', 'Kimia Dasar', 2, 'Teknik Industri', 'D016', 4, 'Rabu', '13:00', '14:40', 'R303');
INSERT INTO "Matakuliah" VALUES ('MK015', 'Pengantar Kedokteran', 3, 'Sistem Informasi', 'D001', 4, 'Rabu', '10:00', '11:40', 'R206');
INSERT INTO "Matakuliah" VALUES ('MK016', 'Anatomi Manusia', 4, 'Sistem Informasi', 'D001', 4, 'Senin', '08:00', '09:40', 'R106');
INSERT INTO "Matakuliah" VALUES ('MK017', 'Sistem Informasi Manajemen', 3, 'Sistem Informasi', 'D003', 8, 'Rabu', '08:00', '09:40', 'R102');
INSERT INTO "Matakuliah" VALUES ('MK018', 'E-Business', 2, 'Informatika', 'D005', 2, 'Selasa', '15:00', '16:40', 'R206');
INSERT INTO "Matakuliah" VALUES ('MK019', 'Manajemen Proyek', 2, 'Teknik Industri', 'D003', 6, 'Rabu', '10:00', '11:40', 'R409');
INSERT INTO "Matakuliah" VALUES ('MK020', 'Ergonomi', 4, 'Teknik Industri', 'D009', 6, 'Kamis', '08:00', '09:40', 'R406');
INSERT INTO "Matakuliah" VALUES ('MK021', 'Sistem Produksi', 3, 'Teknik Industri', 'D019', 6, 'Senin', '08:00', '09:40', 'R307');
INSERT INTO "Matakuliah" VALUES ('MK022', 'Riset Operasi', 4, 'Teknik Industri', 'D014', 2, 'Senin', '08:00', '09:40', 'R403');
INSERT INTO "Matakuliah" VALUES ('MK023', 'Pengolahan Sinyal', 3, 'Teknik Industri', 'D012', 6, 'Jumat', '15:00', '16:40', 'R101');
INSERT INTO "Matakuliah" VALUES ('MK024', 'Grafika Komputer', 2, 'Informatika', 'D011', 8, 'Selasa', '13:00', '14:40', 'R402');
INSERT INTO "Matakuliah" VALUES ('MK025', 'Keamanan Informasi', 3, 'Informatika', 'D003', 4, 'Jumat', '15:00', '16:40', 'R405');
INSERT INTO "Matakuliah" VALUES ('MK026', 'Mobile Development', 4, 'Informatika', 'D013', 2, 'Senin', '13:00', '14:40', 'R104');
INSERT INTO "Matakuliah" VALUES ('MK027', 'Cloud Computing', 4, 'Sistem Informasi', 'D018', 4, 'Senin', '08:00', '09:40', 'R402');
INSERT INTO "Matakuliah" VALUES ('MK028', 'Data Mining', 3, 'Teknik Industri', 'D002', 6, 'Rabu', '08:00', '09:40', 'R309');
INSERT INTO "Matakuliah" VALUES ('MK029', 'Machine Learning', 3, 'Informatika', 'D019', 6, 'Senin', '08:00', '09:40', 'R409');
INSERT INTO "Matakuliah" VALUES ('MK030', 'Internet of Things', 4, 'Teknik Industri', 'D011', 6, 'Kamis', '15:00', '16:40', 'R309');
INSERT INTO "Matakuliah" VALUES ('MK031', 'Blockchain', 4, 'Kedokteran', 'D010', 4, 'Senin', '10:00', '11:40', 'R104');
INSERT INTO "Matakuliah" VALUES ('MK032', 'Robotika', 3, 'Sistem Informasi', 'D004', 8, 'Kamis', '15:00', '16:40', 'R308');

-- Insert KRS and Nilai
INSERT INTO "KRS" (nim, kode_matakuliah) VALUES ('25411615140', 'MK026');
INSERT INTO "Nilai" (nim, kode_matakuliah, absensi, tugas, quiz, uts, uas, nilai_akhir, grade, status) VALUES ('25411615140', 'MK026', 99, 78, 56, 100, 89, 3.91, 'A', 'Lulus');
INSERT INTO "KRS" (nim, kode_matakuliah) VALUES ('25411615140', 'MK018');
INSERT INTO "Nilai" (nim, kode_matakuliah, absensi, tugas, quiz, uts, uas, nilai_akhir, grade, status) VALUES ('25411615140', 'MK018', 56, 89, 87, 83, 62, 3.22, 'B', 'Lulus');
INSERT INTO "KRS" (nim, kode_matakuliah) VALUES ('25411615140', 'MK008');
INSERT INTO "Nilai" (nim, kode_matakuliah, absensi, tugas, quiz, uts, uas, nilai_akhir, grade, status) VALUES ('25411615140', 'MK008', 55, 80, 79, 77, 94, 3.44, 'B', 'Lulus');
INSERT INTO "KRS" (nim, kode_matakuliah) VALUES ('24839078462', 'MK008');
INSERT INTO "Nilai" (nim, kode_matakuliah, absensi, tugas, quiz, uts, uas, nilai_akhir, grade, status) VALUES ('24839078462', 'MK008', 99, 78, 59, 91, 66, 3.57, 'B', 'Lulus');
INSERT INTO "KRS" (nim, kode_matakuliah) VALUES ('24839078462', 'MK018');
INSERT INTO "Nilai" (nim, kode_matakuliah, absensi, tugas, quiz, uts, uas, nilai_akhir, grade, status) VALUES ('24839078462', 'MK018', 56, 84, 58, 98, 89, 3.45, 'B', 'Lulus');
INSERT INTO "KRS" (nim, kode_matakuliah) VALUES ('24839078462', 'MK026');
INSERT INTO "Nilai" (nim, kode_matakuliah, absensi, tugas, quiz, uts, uas, nilai_akhir, grade, status) VALUES ('24839078462', 'MK026', 76, 75, 93, 100, 63, 3.39, 'B', 'Lulus');
INSERT INTO "KRS" (nim, kode_matakuliah) VALUES ('24839078462', 'MK005');
INSERT INTO "Nilai" (nim, kode_matakuliah, absensi, tugas, quiz, uts, uas, nilai_akhir, grade, status) VALUES ('24839078462', 'MK005', 69, 70, 82, 92, 63, 3.0, 'B', 'Lulus');
INSERT INTO "KRS" (nim, kode_matakuliah) VALUES ('22589448661', 'MK018');
INSERT INTO "Nilai" (nim, kode_matakuliah, absensi, tugas, quiz, uts, uas, nilai_akhir, grade, status) VALUES ('22589448661', 'MK018', 86, 94, 58, 55, 86, 3.49, 'B', 'Lulus');
INSERT INTO "KRS" (nim, kode_matakuliah) VALUES ('22589448661', 'MK005');
INSERT INTO "Nilai" (nim, kode_matakuliah, absensi, tugas, quiz, uts, uas, nilai_akhir, grade, status) VALUES ('22589448661', 'MK005', 96, 86, 79, 81, 70, 3.01, 'B', 'Lulus');
INSERT INTO "KRS" (nim, kode_matakuliah) VALUES ('22589448661', 'MK026');
INSERT INTO "Nilai" (nim, kode_matakuliah, absensi, tugas, quiz, uts, uas, nilai_akhir, grade, status) VALUES ('22589448661', 'MK026', 59, 77, 89, 94, 86, 3.3, 'B', 'Lulus');
INSERT INTO "KRS" (nim, kode_matakuliah) VALUES ('22589448661', 'MK024');
INSERT INTO "Nilai" (nim, kode_matakuliah, absensi, tugas, quiz, uts, uas, nilai_akhir, grade, status) VALUES ('22589448661', 'MK024', 52, 91, 62, 99, 98, 3.83, 'A', 'Lulus');
INSERT INTO "KRS" (nim, kode_matakuliah) VALUES ('22589448661', 'MK029');
INSERT INTO "Nilai" (nim, kode_matakuliah, absensi, tugas, quiz, uts, uas, nilai_akhir, grade, status) VALUES ('22589448661', 'MK029', 92, 64, 92, 76, 89, 3.21, 'B', 'Lulus');
INSERT INTO "KRS" (nim, kode_matakuliah) VALUES ('24418750449', 'MK009');
INSERT INTO "Nilai" (nim, kode_matakuliah, absensi, tugas, quiz, uts, uas, nilai_akhir, grade, status) VALUES ('24418750449', 'MK009', 78, 63, 51, 77, 53, 2.86, 'C', 'Lulus');
INSERT INTO "KRS" (nim, kode_matakuliah) VALUES ('24418750449', 'MK002');
INSERT INTO "Nilai" (nim, kode_matakuliah, absensi, tugas, quiz, uts, uas, nilai_akhir, grade, status) VALUES ('24418750449', 'MK002', 100, 98, 55, 86, 80, 3.65, 'B', 'Lulus');
INSERT INTO "KRS" (nim, kode_matakuliah) VALUES ('24418750449', 'MK031');
INSERT INTO "Nilai" (nim, kode_matakuliah, absensi, tugas, quiz, uts, uas, nilai_akhir, grade, status) VALUES ('24418750449', 'MK031', 80, 97, 98, 91, 79, 3.76, 'A', 'Lulus');
INSERT INTO "KRS" (nim, kode_matakuliah) VALUES ('24418750449', 'MK011');
INSERT INTO "Nilai" (nim, kode_matakuliah, absensi, tugas, quiz, uts, uas, nilai_akhir, grade, status) VALUES ('24418750449', 'MK011', 100, 77, 67, 66, 97, 3.43, 'B', 'Lulus');
INSERT INTO "KRS" (nim, kode_matakuliah) VALUES ('22458661856', 'MK008');
INSERT INTO "Nilai" (nim, kode_matakuliah, absensi, tugas, quiz, uts, uas, nilai_akhir, grade, status) VALUES ('22458661856', 'MK008', 95, 73, 74, 98, 64, 3.63, 'B', 'Lulus');
INSERT INTO "KRS" (nim, kode_matakuliah) VALUES ('22458661856', 'MK005');
INSERT INTO "Nilai" (nim, kode_matakuliah, absensi, tugas, quiz, uts, uas, nilai_akhir, grade, status) VALUES ('22458661856', 'MK005', 73, 83, 65, 57, 80, 3.36, 'B', 'Lulus');
INSERT INTO "KRS" (nim, kode_matakuliah) VALUES ('22458661856', 'MK003');
INSERT INTO "Nilai" (nim, kode_matakuliah, absensi, tugas, quiz, uts, uas, nilai_akhir, grade, status) VALUES ('22458661856', 'MK003', 67, 59, 82, 88, 73, 3.23, 'B', 'Lulus');
INSERT INTO "KRS" (nim, kode_matakuliah) VALUES ('22458661856', 'MK029');
INSERT INTO "Nilai" (nim, kode_matakuliah, absensi, tugas, quiz, uts, uas, nilai_akhir, grade, status) VALUES ('22458661856', 'MK029', 80, 62, 59, 72, 55, 2.43, 'C', 'Lulus');
INSERT INTO "KRS" (nim, kode_matakuliah) VALUES ('22458661856', 'MK018');
INSERT INTO "Nilai" (nim, kode_matakuliah, absensi, tugas, quiz, uts, uas, nilai_akhir, grade, status) VALUES ('22458661856', 'MK018', 58, 89, 82, 79, 74, 3.28, 'B', 'Lulus');
INSERT INTO "KRS" (nim, kode_matakuliah) VALUES ('25049664753', 'MK022');
INSERT INTO "Nilai" (nim, kode_matakuliah, absensi, tugas, quiz, uts, uas, nilai_akhir, grade, status) VALUES ('25049664753', 'MK022', 69, 71, 78, 86, 54, 3.47, 'B', 'Lulus');
INSERT INTO "KRS" (nim, kode_matakuliah) VALUES ('25049664753', 'MK009');
INSERT INTO "Nilai" (nim, kode_matakuliah, absensi, tugas, quiz, uts, uas, nilai_akhir, grade, status) VALUES ('25049664753', 'MK009', 92, 60, 68, 76, 73, 3.06, 'B', 'Lulus');
INSERT INTO "KRS" (nim, kode_matakuliah) VALUES ('25049664753', 'MK008');
INSERT INTO "Nilai" (nim, kode_matakuliah, absensi, tugas, quiz, uts, uas, nilai_akhir, grade, status) VALUES ('25049664753', 'MK008', 67, 54, 55, 52, 77, 2.83, 'C', 'Lulus');
INSERT INTO "KRS" (nim, kode_matakuliah) VALUES ('25049664753', 'MK002');
INSERT INTO "Nilai" (nim, kode_matakuliah, absensi, tugas, quiz, uts, uas, nilai_akhir, grade, status) VALUES ('25049664753', 'MK002', 60, 57, 70, 55, 61, 2.66, 'C', 'Lulus');
INSERT INTO "KRS" (nim, kode_matakuliah) VALUES ('24515495939', 'MK009');
INSERT INTO "Nilai" (nim, kode_matakuliah, absensi, tugas, quiz, uts, uas, nilai_akhir, grade, status) VALUES ('24515495939', 'MK009', 79, 63, 55, 94, 75, 3.03, 'B', 'Lulus');
INSERT INTO "KRS" (nim, kode_matakuliah) VALUES ('24515495939', 'MK002');
INSERT INTO "Nilai" (nim, kode_matakuliah, absensi, tugas, quiz, uts, uas, nilai_akhir, grade, status) VALUES ('24515495939', 'MK002', 94, 84, 56, 88, 82, 3.53, 'B', 'Lulus');
INSERT INTO "KRS" (nim, kode_matakuliah) VALUES ('24515495939', 'MK031');
INSERT INTO "Nilai" (nim, kode_matakuliah, absensi, tugas, quiz, uts, uas, nilai_akhir, grade, status) VALUES ('24515495939', 'MK031', 75, 86, 64, 67, 92, 3.34, 'B', 'Lulus');
INSERT INTO "KRS" (nim, kode_matakuliah) VALUES ('24515495939', 'MK011');
INSERT INTO "Nilai" (nim, kode_matakuliah, absensi, tugas, quiz, uts, uas, nilai_akhir, grade, status) VALUES ('24515495939', 'MK011', 68, 96, 81, 94, 97, 3.77, 'A', 'Lulus');
INSERT INTO "KRS" (nim, kode_matakuliah) VALUES ('24515495939', 'MK030');
INSERT INTO "Nilai" (nim, kode_matakuliah, absensi, tugas, quiz, uts, uas, nilai_akhir, grade, status) VALUES ('24515495939', 'MK030', 70, 73, 73, 89, 95, 3.19, 'B', 'Lulus');
INSERT INTO "KRS" (nim, kode_matakuliah) VALUES ('22168383283', 'MK001');
INSERT INTO "Nilai" (nim, kode_matakuliah, absensi, tugas, quiz, uts, uas, nilai_akhir, grade, status) VALUES ('22168383283', 'MK001', 75, 66, 99, 83, 95, 3.45, 'B', 'Lulus');
INSERT INTO "KRS" (nim, kode_matakuliah) VALUES ('22168383283', 'MK022');
INSERT INTO "Nilai" (nim, kode_matakuliah, absensi, tugas, quiz, uts, uas, nilai_akhir, grade, status) VALUES ('22168383283', 'MK022', 77, 56, 59, 90, 82, 3.64, 'B', 'Lulus');
INSERT INTO "KRS" (nim, kode_matakuliah) VALUES ('22168383283', 'MK021');
INSERT INTO "Nilai" (nim, kode_matakuliah, absensi, tugas, quiz, uts, uas, nilai_akhir, grade, status) VALUES ('22168383283', 'MK021', 74, 71, 90, 57, 61, 2.61, 'C', 'Lulus');
INSERT INTO "KRS" (nim, kode_matakuliah) VALUES ('25882048084', 'MK026');
INSERT INTO "Nilai" (nim, kode_matakuliah, absensi, tugas, quiz, uts, uas, nilai_akhir, grade, status) VALUES ('25882048084', 'MK026', 52, 71, 91, 62, 54, 2.37, 'C', 'Lulus');
INSERT INTO "KRS" (nim, kode_matakuliah) VALUES ('25882048084', 'MK009');
INSERT INTO "Nilai" (nim, kode_matakuliah, absensi, tugas, quiz, uts, uas, nilai_akhir, grade, status) VALUES ('25882048084', 'MK009', 75, 59, 64, 74, 62, 2.75, 'C', 'Lulus');
INSERT INTO "KRS" (nim, kode_matakuliah) VALUES ('25882048084', 'MK008');
INSERT INTO "Nilai" (nim, kode_matakuliah, absensi, tugas, quiz, uts, uas, nilai_akhir, grade, status) VALUES ('25882048084', 'MK008', 76, 69, 68, 100, 57, 3.21, 'B', 'Lulus');
INSERT INTO "KRS" (nim, kode_matakuliah) VALUES ('25882048084', 'MK018');
INSERT INTO "Nilai" (nim, kode_matakuliah, absensi, tugas, quiz, uts, uas, nilai_akhir, grade, status) VALUES ('25882048084', 'MK018', 74, 70, 64, 92, 64, 3.3, 'B', 'Lulus');
INSERT INTO "KRS" (nim, kode_matakuliah) VALUES ('25882048084', 'MK022');
INSERT INTO "Nilai" (nim, kode_matakuliah, absensi, tugas, quiz, uts, uas, nilai_akhir, grade, status) VALUES ('25882048084', 'MK022', 69, 51, 55, 67, 73, 2.81, 'C', 'Lulus');
INSERT INTO "KRS" (nim, kode_matakuliah) VALUES ('23029905260', 'MK016');
INSERT INTO "Nilai" (nim, kode_matakuliah, absensi, tugas, quiz, uts, uas, nilai_akhir, grade, status) VALUES ('23029905260', 'MK016', 63, 67, 88, 78, 74, 3.52, 'B', 'Lulus');
INSERT INTO "KRS" (nim, kode_matakuliah) VALUES ('23029905260', 'MK027');
INSERT INTO "Nilai" (nim, kode_matakuliah, absensi, tugas, quiz, uts, uas, nilai_akhir, grade, status) VALUES ('23029905260', 'MK027', 56, 76, 92, 57, 56, 2.1, 'C', 'Lulus');
INSERT INTO "KRS" (nim, kode_matakuliah) VALUES ('23029905260', 'MK015');
INSERT INTO "Nilai" (nim, kode_matakuliah, absensi, tugas, quiz, uts, uas, nilai_akhir, grade, status) VALUES ('23029905260', 'MK015', 50, 83, 62, 66, 52, 2.98, 'C', 'Lulus');
INSERT INTO "KRS" (nim, kode_matakuliah) VALUES ('23029905260', 'MK010');
INSERT INTO "Nilai" (nim, kode_matakuliah, absensi, tugas, quiz, uts, uas, nilai_akhir, grade, status) VALUES ('23029905260', 'MK010', 62, 65, 92, 73, 84, 3.03, 'B', 'Lulus');
INSERT INTO "KRS" (nim, kode_matakuliah) VALUES ('22733451956', 'MK005');
INSERT INTO "Nilai" (nim, kode_matakuliah, absensi, tugas, quiz, uts, uas, nilai_akhir, grade, status) VALUES ('22733451956', 'MK005', 54, 90, 64, 94, 72, 3.55, 'B', 'Lulus');
INSERT INTO "KRS" (nim, kode_matakuliah) VALUES ('22733451956', 'MK008');
INSERT INTO "Nilai" (nim, kode_matakuliah, absensi, tugas, quiz, uts, uas, nilai_akhir, grade, status) VALUES ('22733451956', 'MK008', 68, 62, 94, 77, 74, 3.06, 'B', 'Lulus');
INSERT INTO "KRS" (nim, kode_matakuliah) VALUES ('22733451956', 'MK013');
INSERT INTO "Nilai" (nim, kode_matakuliah, absensi, tugas, quiz, uts, uas, nilai_akhir, grade, status) VALUES ('22733451956', 'MK013', 60, 55, 92, 67, 74, 2.18, 'C', 'Lulus');
INSERT INTO "KRS" (nim, kode_matakuliah) VALUES ('22733451956', 'MK026');
INSERT INTO "Nilai" (nim, kode_matakuliah, absensi, tugas, quiz, uts, uas, nilai_akhir, grade, status) VALUES ('22733451956', 'MK026', 71, 68, 50, 91, 78, 3.58, 'B', 'Lulus');
INSERT INTO "KRS" (nim, kode_matakuliah) VALUES ('23608900054', 'MK008');
INSERT INTO "Nilai" (nim, kode_matakuliah, absensi, tugas, quiz, uts, uas, nilai_akhir, grade, status) VALUES ('23608900054', 'MK008', 76, 53, 91, 57, 61, 2.71, 'C', 'Lulus');
INSERT INTO "KRS" (nim, kode_matakuliah) VALUES ('23608900054', 'MK026');
INSERT INTO "Nilai" (nim, kode_matakuliah, absensi, tugas, quiz, uts, uas, nilai_akhir, grade, status) VALUES ('23608900054', 'MK026', 61, 52, 93, 94, 71, 3.66, 'B', 'Lulus');
INSERT INTO "KRS" (nim, kode_matakuliah) VALUES ('23608900054', 'MK013');
INSERT INTO "Nilai" (nim, kode_matakuliah, absensi, tugas, quiz, uts, uas, nilai_akhir, grade, status) VALUES ('23608900054', 'MK013', 99, 57, 76, 87, 89, 3.0, 'B', 'Lulus');
INSERT INTO "KRS" (nim, kode_matakuliah) VALUES ('23608900054', 'MK005');
INSERT INTO "Nilai" (nim, kode_matakuliah, absensi, tugas, quiz, uts, uas, nilai_akhir, grade, status) VALUES ('23608900054', 'MK005', 84, 70, 76, 54, 77, 2.03, 'C', 'Lulus');
INSERT INTO "KRS" (nim, kode_matakuliah) VALUES ('22442777574', 'MK029');
INSERT INTO "Nilai" (nim, kode_matakuliah, absensi, tugas, quiz, uts, uas, nilai_akhir, grade, status) VALUES ('22442777574', 'MK029', 59, 92, 99, 95, 67, 3.57, 'B', 'Lulus');
INSERT INTO "KRS" (nim, kode_matakuliah) VALUES ('22442777574', 'MK024');
INSERT INTO "Nilai" (nim, kode_matakuliah, absensi, tugas, quiz, uts, uas, nilai_akhir, grade, status) VALUES ('22442777574', 'MK024', 55, 58, 79, 84, 82, 3.0, 'B', 'Lulus');
INSERT INTO "KRS" (nim, kode_matakuliah) VALUES ('22442777574', 'MK025');
INSERT INTO "Nilai" (nim, kode_matakuliah, absensi, tugas, quiz, uts, uas, nilai_akhir, grade, status) VALUES ('22442777574', 'MK025', 50, 62, 91, 88, 51, 2.05, 'C', 'Lulus');
INSERT INTO "KRS" (nim, kode_matakuliah) VALUES ('22442777574', 'MK018');
INSERT INTO "Nilai" (nim, kode_matakuliah, absensi, tugas, quiz, uts, uas, nilai_akhir, grade, status) VALUES ('22442777574', 'MK018', 87, 62, 100, 96, 74, 3.5, 'B', 'Lulus');
INSERT INTO "KRS" (nim, kode_matakuliah) VALUES ('25399950755', 'MK001');
INSERT INTO "Nilai" (nim, kode_matakuliah, absensi, tugas, quiz, uts, uas, nilai_akhir, grade, status) VALUES ('25399950755', 'MK001', 80, 75, 61, 99, 100, 3.82, 'A', 'Lulus');
INSERT INTO "KRS" (nim, kode_matakuliah) VALUES ('25399950755', 'MK022');
INSERT INTO "Nilai" (nim, kode_matakuliah, absensi, tugas, quiz, uts, uas, nilai_akhir, grade, status) VALUES ('25399950755', 'MK022', 72, 84, 53, 59, 94, 3.07, 'B', 'Lulus');
INSERT INTO "KRS" (nim, kode_matakuliah) VALUES ('23604495589', 'MK025');
INSERT INTO "Nilai" (nim, kode_matakuliah, absensi, tugas, quiz, uts, uas, nilai_akhir, grade, status) VALUES ('23604495589', 'MK025', 67, 98, 65, 86, 54, 3.43, 'B', 'Lulus');
INSERT INTO "KRS" (nim, kode_matakuliah) VALUES ('23604495589', 'MK018');
INSERT INTO "Nilai" (nim, kode_matakuliah, absensi, tugas, quiz, uts, uas, nilai_akhir, grade, status) VALUES ('23604495589', 'MK018', 53, 70, 98, 94, 73, 3.5, 'B', 'Lulus');
INSERT INTO "KRS" (nim, kode_matakuliah) VALUES ('23604495589', 'MK026');
INSERT INTO "Nilai" (nim, kode_matakuliah, absensi, tugas, quiz, uts, uas, nilai_akhir, grade, status) VALUES ('23604495589', 'MK026', 99, 65, 86, 71, 62, 3.18, 'B', 'Lulus');
INSERT INTO "KRS" (nim, kode_matakuliah) VALUES ('23604495589', 'MK013');
INSERT INTO "Nilai" (nim, kode_matakuliah, absensi, tugas, quiz, uts, uas, nilai_akhir, grade, status) VALUES ('23604495589', 'MK013', 94, 58, 97, 91, 90, 3.85, 'A', 'Lulus');
INSERT INTO "KRS" (nim, kode_matakuliah) VALUES ('23604495589', 'MK005');
INSERT INTO "Nilai" (nim, kode_matakuliah, absensi, tugas, quiz, uts, uas, nilai_akhir, grade, status) VALUES ('23604495589', 'MK005', 74, 73, 91, 99, 78, 3.13, 'B', 'Lulus');
INSERT INTO "KRS" (nim, kode_matakuliah) VALUES ('23604495589', 'MK007');
INSERT INTO "Nilai" (nim, kode_matakuliah, absensi, tugas, quiz, uts, uas, nilai_akhir, grade, status) VALUES ('23604495589', 'MK007', 86, 84, 56, 80, 69, 3.04, 'B', 'Lulus');
INSERT INTO "KRS" (nim, kode_matakuliah) VALUES ('24746098548', 'MK010');
INSERT INTO "Nilai" (nim, kode_matakuliah, absensi, tugas, quiz, uts, uas, nilai_akhir, grade, status) VALUES ('24746098548', 'MK010', 76, 67, 56, 88, 84, 3.37, 'B', 'Lulus');
INSERT INTO "KRS" (nim, kode_matakuliah) VALUES ('24746098548', 'MK016');
INSERT INTO "Nilai" (nim, kode_matakuliah, absensi, tugas, quiz, uts, uas, nilai_akhir, grade, status) VALUES ('24746098548', 'MK016', 65, 89, 72, 68, 50, 2.33, 'C', 'Lulus');
INSERT INTO "KRS" (nim, kode_matakuliah) VALUES ('24746098548', 'MK015');
INSERT INTO "Nilai" (nim, kode_matakuliah, absensi, tugas, quiz, uts, uas, nilai_akhir, grade, status) VALUES ('24746098548', 'MK015', 77, 66, 91, 73, 97, 3.47, 'B', 'Lulus');
INSERT INTO "KRS" (nim, kode_matakuliah) VALUES ('24746098548', 'MK027');
INSERT INTO "Nilai" (nim, kode_matakuliah, absensi, tugas, quiz, uts, uas, nilai_akhir, grade, status) VALUES ('24746098548', 'MK027', 53, 53, 84, 61, 94, 3.69, 'B', 'Lulus');
INSERT INTO "KRS" (nim, kode_matakuliah) VALUES ('24817611980', 'MK009');
INSERT INTO "Nilai" (nim, kode_matakuliah, absensi, tugas, quiz, uts, uas, nilai_akhir, grade, status) VALUES ('24817611980', 'MK009', 76, 53, 83, 66, 95, 3.01, 'B', 'Lulus');
INSERT INTO "KRS" (nim, kode_matakuliah) VALUES ('24817611980', 'MK031');
INSERT INTO "Nilai" (nim, kode_matakuliah, absensi, tugas, quiz, uts, uas, nilai_akhir, grade, status) VALUES ('24817611980', 'MK031', 64, 100, 100, 82, 70, 3.16, 'B', 'Lulus');
INSERT INTO "KRS" (nim, kode_matakuliah) VALUES ('24817611980', 'MK002');
INSERT INTO "Nilai" (nim, kode_matakuliah, absensi, tugas, quiz, uts, uas, nilai_akhir, grade, status) VALUES ('24817611980', 'MK002', 76, 86, 59, 88, 70, 3.47, 'B', 'Lulus');
INSERT INTO "KRS" (nim, kode_matakuliah) VALUES ('24817611980', 'MK011');
INSERT INTO "Nilai" (nim, kode_matakuliah, absensi, tugas, quiz, uts, uas, nilai_akhir, grade, status) VALUES ('24817611980', 'MK011', 65, 72, 86, 87, 75, 3.23, 'B', 'Lulus');
INSERT INTO "KRS" (nim, kode_matakuliah) VALUES ('24817611980', 'MK030');
INSERT INTO "Nilai" (nim, kode_matakuliah, absensi, tugas, quiz, uts, uas, nilai_akhir, grade, status) VALUES ('24817611980', 'MK030', 79, 67, 67, 98, 98, 3.98, 'A', 'Lulus');
INSERT INTO "KRS" (nim, kode_matakuliah) VALUES ('23034841055', 'MK026');
INSERT INTO "Nilai" (nim, kode_matakuliah, absensi, tugas, quiz, uts, uas, nilai_akhir, grade, status) VALUES ('23034841055', 'MK026', 82, 90, 52, 84, 88, 3.61, 'B', 'Lulus');
INSERT INTO "KRS" (nim, kode_matakuliah) VALUES ('23034841055', 'MK018');
INSERT INTO "Nilai" (nim, kode_matakuliah, absensi, tugas, quiz, uts, uas, nilai_akhir, grade, status) VALUES ('23034841055', 'MK018', 66, 63, 72, 97, 60, 3.68, 'B', 'Lulus');
INSERT INTO "KRS" (nim, kode_matakuliah) VALUES ('23034841055', 'MK025');
INSERT INTO "Nilai" (nim, kode_matakuliah, absensi, tugas, quiz, uts, uas, nilai_akhir, grade, status) VALUES ('23034841055', 'MK025', 75, 83, 72, 89, 60, 3.26, 'B', 'Lulus');
INSERT INTO "KRS" (nim, kode_matakuliah) VALUES ('23034841055', 'MK005');
INSERT INTO "Nilai" (nim, kode_matakuliah, absensi, tugas, quiz, uts, uas, nilai_akhir, grade, status) VALUES ('23034841055', 'MK005', 94, 75, 78, 51, 59, 2.17, 'C', 'Lulus');
INSERT INTO "KRS" (nim, kode_matakuliah) VALUES ('23034841055', 'MK008');
INSERT INTO "Nilai" (nim, kode_matakuliah, absensi, tugas, quiz, uts, uas, nilai_akhir, grade, status) VALUES ('23034841055', 'MK008', 88, 89, 88, 60, 95, 3.34, 'B', 'Lulus');
INSERT INTO "KRS" (nim, kode_matakuliah) VALUES ('23034841055', 'MK024');
INSERT INTO "Nilai" (nim, kode_matakuliah, absensi, tugas, quiz, uts, uas, nilai_akhir, grade, status) VALUES ('23034841055', 'MK024', 54, 76, 89, 89, 91, 3.42, 'B', 'Lulus');
INSERT INTO "KRS" (nim, kode_matakuliah) VALUES ('25003116260', 'MK001');
INSERT INTO "Nilai" (nim, kode_matakuliah, absensi, tugas, quiz, uts, uas, nilai_akhir, grade, status) VALUES ('25003116260', 'MK001', 64, 83, 69, 53, 55, 2.36, 'C', 'Lulus');
INSERT INTO "KRS" (nim, kode_matakuliah) VALUES ('25003116260', 'MK022');
INSERT INTO "Nilai" (nim, kode_matakuliah, absensi, tugas, quiz, uts, uas, nilai_akhir, grade, status) VALUES ('25003116260', 'MK022', 60, 76, 61, 58, 92, 3.17, 'B', 'Lulus');
INSERT INTO "KRS" (nim, kode_matakuliah) VALUES ('25003116260', 'MK031');
INSERT INTO "Nilai" (nim, kode_matakuliah, absensi, tugas, quiz, uts, uas, nilai_akhir, grade, status) VALUES ('25003116260', 'MK031', 56, 96, 60, 99, 93, 3.88, 'A', 'Lulus');
INSERT INTO "KRS" (nim, kode_matakuliah) VALUES ('22784438417', 'MK004');
INSERT INTO "Nilai" (nim, kode_matakuliah, absensi, tugas, quiz, uts, uas, nilai_akhir, grade, status) VALUES ('22784438417', 'MK004', 70, 63, 65, 64, 94, 3.24, 'B', 'Lulus');
INSERT INTO "KRS" (nim, kode_matakuliah) VALUES ('22784438417', 'MK032');
INSERT INTO "Nilai" (nim, kode_matakuliah, absensi, tugas, quiz, uts, uas, nilai_akhir, grade, status) VALUES ('22784438417', 'MK032', 99, 75, 99, 71, 61, 3.25, 'B', 'Lulus');
INSERT INTO "KRS" (nim, kode_matakuliah) VALUES ('22784438417', 'MK010');
INSERT INTO "Nilai" (nim, kode_matakuliah, absensi, tugas, quiz, uts, uas, nilai_akhir, grade, status) VALUES ('22784438417', 'MK010', 64, 75, 82, 98, 75, 3.19, 'B', 'Lulus');
INSERT INTO "KRS" (nim, kode_matakuliah) VALUES ('22784438417', 'MK016');
INSERT INTO "Nilai" (nim, kode_matakuliah, absensi, tugas, quiz, uts, uas, nilai_akhir, grade, status) VALUES ('22784438417', 'MK016', 69, 95, 78, 58, 51, 2.33, 'C', 'Lulus');
INSERT INTO "KRS" (nim, kode_matakuliah) VALUES ('22784438417', 'MK015');
INSERT INTO "Nilai" (nim, kode_matakuliah, absensi, tugas, quiz, uts, uas, nilai_akhir, grade, status) VALUES ('22784438417', 'MK015', 60, 93, 64, 50, 94, 3.44, 'B', 'Lulus');
INSERT INTO "KRS" (nim, kode_matakuliah) VALUES ('23845576763', 'MK027');
INSERT INTO "Nilai" (nim, kode_matakuliah, absensi, tugas, quiz, uts, uas, nilai_akhir, grade, status) VALUES ('23845576763', 'MK027', 100, 90, 65, 95, 97, 3.84, 'A', 'Lulus');
INSERT INTO "KRS" (nim, kode_matakuliah) VALUES ('23845576763', 'MK015');
INSERT INTO "Nilai" (nim, kode_matakuliah, absensi, tugas, quiz, uts, uas, nilai_akhir, grade, status) VALUES ('23845576763', 'MK015', 79, 100, 60, 52, 76, 3.04, 'B', 'Lulus');
INSERT INTO "KRS" (nim, kode_matakuliah) VALUES ('23845576763', 'MK016');
INSERT INTO "Nilai" (nim, kode_matakuliah, absensi, tugas, quiz, uts, uas, nilai_akhir, grade, status) VALUES ('23845576763', 'MK016', 59, 54, 75, 84, 99, 3.18, 'B', 'Lulus');
INSERT INTO "KRS" (nim, kode_matakuliah) VALUES ('22424014591', 'MK005');
INSERT INTO "Nilai" (nim, kode_matakuliah, absensi, tugas, quiz, uts, uas, nilai_akhir, grade, status) VALUES ('22424014591', 'MK005', 99, 86, 79, 88, 75, 3.23, 'B', 'Lulus');
INSERT INTO "KRS" (nim, kode_matakuliah) VALUES ('22424014591', 'MK003');
INSERT INTO "Nilai" (nim, kode_matakuliah, absensi, tugas, quiz, uts, uas, nilai_akhir, grade, status) VALUES ('22424014591', 'MK003', 75, 91, 58, 87, 77, 3.58, 'B', 'Lulus');
INSERT INTO "KRS" (nim, kode_matakuliah) VALUES ('22424014591', 'MK024');
INSERT INTO "Nilai" (nim, kode_matakuliah, absensi, tugas, quiz, uts, uas, nilai_akhir, grade, status) VALUES ('22424014591', 'MK024', 67, 76, 95, 66, 64, 3.14, 'B', 'Lulus');
INSERT INTO "KRS" (nim, kode_matakuliah) VALUES ('25233969671', 'MK022');
INSERT INTO "Nilai" (nim, kode_matakuliah, absensi, tugas, quiz, uts, uas, nilai_akhir, grade, status) VALUES ('25233969671', 'MK022', 93, 64, 75, 83, 85, 3.41, 'B', 'Lulus');
INSERT INTO "KRS" (nim, kode_matakuliah) VALUES ('25233969671', 'MK001');
INSERT INTO "Nilai" (nim, kode_matakuliah, absensi, tugas, quiz, uts, uas, nilai_akhir, grade, status) VALUES ('25233969671', 'MK001', 58, 84, 83, 64, 60, 2.3, 'C', 'Lulus');
INSERT INTO "KRS" (nim, kode_matakuliah) VALUES ('25233969671', 'MK026');
INSERT INTO "Nilai" (nim, kode_matakuliah, absensi, tugas, quiz, uts, uas, nilai_akhir, grade, status) VALUES ('25233969671', 'MK026', 57, 59, 57, 80, 77, 3.63, 'B', 'Lulus');
INSERT INTO "KRS" (nim, kode_matakuliah) VALUES ('25233969671', 'MK018');
INSERT INTO "Nilai" (nim, kode_matakuliah, absensi, tugas, quiz, uts, uas, nilai_akhir, grade, status) VALUES ('25233969671', 'MK018', 72, 54, 81, 73, 66, 2.33, 'C', 'Lulus');
INSERT INTO "KRS" (nim, kode_matakuliah) VALUES ('22675402019', 'MK020');
INSERT INTO "Nilai" (nim, kode_matakuliah, absensi, tugas, quiz, uts, uas, nilai_akhir, grade, status) VALUES ('22675402019', 'MK020', 61, 51, 50, 74, 70, 2.88, 'C', 'Lulus');
INSERT INTO "KRS" (nim, kode_matakuliah) VALUES ('22675402019', 'MK019');
INSERT INTO "Nilai" (nim, kode_matakuliah, absensi, tugas, quiz, uts, uas, nilai_akhir, grade, status) VALUES ('22675402019', 'MK019', 67, 69, 57, 90, 89, 3.29, 'B', 'Lulus');
INSERT INTO "KRS" (nim, kode_matakuliah) VALUES ('22675402019', 'MK001');
INSERT INTO "Nilai" (nim, kode_matakuliah, absensi, tugas, quiz, uts, uas, nilai_akhir, grade, status) VALUES ('22675402019', 'MK001', 75, 73, 88, 94, 93, 3.73, 'A', 'Lulus');
INSERT INTO "KRS" (nim, kode_matakuliah) VALUES ('22675402019', 'MK021');
INSERT INTO "Nilai" (nim, kode_matakuliah, absensi, tugas, quiz, uts, uas, nilai_akhir, grade, status) VALUES ('22675402019', 'MK021', 82, 56, 68, 95, 57, 3.01, 'B', 'Lulus');
INSERT INTO "KRS" (nim, kode_matakuliah) VALUES ('22675402019', 'MK022');
INSERT INTO "Nilai" (nim, kode_matakuliah, absensi, tugas, quiz, uts, uas, nilai_akhir, grade, status) VALUES ('22675402019', 'MK022', 62, 68, 75, 95, 100, 3.74, 'A', 'Lulus');
INSERT INTO "KRS" (nim, kode_matakuliah) VALUES ('22727387304', 'MK016');
INSERT INTO "Nilai" (nim, kode_matakuliah, absensi, tugas, quiz, uts, uas, nilai_akhir, grade, status) VALUES ('22727387304', 'MK016', 79, 79, 82, 53, 90, 3.14, 'B', 'Lulus');
INSERT INTO "KRS" (nim, kode_matakuliah) VALUES ('22727387304', 'MK032');
INSERT INTO "Nilai" (nim, kode_matakuliah, absensi, tugas, quiz, uts, uas, nilai_akhir, grade, status) VALUES ('22727387304', 'MK032', 60, 86, 86, 64, 60, 2.67, 'C', 'Lulus');
INSERT INTO "KRS" (nim, kode_matakuliah) VALUES ('22727387304', 'MK017');
INSERT INTO "Nilai" (nim, kode_matakuliah, absensi, tugas, quiz, uts, uas, nilai_akhir, grade, status) VALUES ('22727387304', 'MK017', 66, 71, 100, 70, 86, 3.26, 'B', 'Lulus');
INSERT INTO "KRS" (nim, kode_matakuliah) VALUES ('22727387304', 'MK006');
INSERT INTO "Nilai" (nim, kode_matakuliah, absensi, tugas, quiz, uts, uas, nilai_akhir, grade, status) VALUES ('22727387304', 'MK006', 55, 87, 87, 93, 70, 3.24, 'B', 'Lulus');
INSERT INTO "KRS" (nim, kode_matakuliah) VALUES ('22727387304', 'MK010');
INSERT INTO "Nilai" (nim, kode_matakuliah, absensi, tugas, quiz, uts, uas, nilai_akhir, grade, status) VALUES ('22727387304', 'MK010', 100, 91, 91, 98, 71, 3.79, 'A', 'Lulus');
INSERT INTO "KRS" (nim, kode_matakuliah) VALUES ('24260020101', 'MK014');
INSERT INTO "Nilai" (nim, kode_matakuliah, absensi, tugas, quiz, uts, uas, nilai_akhir, grade, status) VALUES ('24260020101', 'MK014', 59, 65, 92, 73, 72, 3.13, 'B', 'Lulus');
INSERT INTO "KRS" (nim, kode_matakuliah) VALUES ('24260020101', 'MK001');
INSERT INTO "Nilai" (nim, kode_matakuliah, absensi, tugas, quiz, uts, uas, nilai_akhir, grade, status) VALUES ('24260020101', 'MK001', 82, 57, 50, 87, 59, 2.42, 'C', 'Lulus');
INSERT INTO "KRS" (nim, kode_matakuliah) VALUES ('24260020101', 'MK022');
INSERT INTO "Nilai" (nim, kode_matakuliah, absensi, tugas, quiz, uts, uas, nilai_akhir, grade, status) VALUES ('24260020101', 'MK022', 74, 73, 94, 57, 91, 3.61, 'B', 'Lulus');
INSERT INTO "KRS" (nim, kode_matakuliah) VALUES ('22556399233', 'MK016');
INSERT INTO "Nilai" (nim, kode_matakuliah, absensi, tugas, quiz, uts, uas, nilai_akhir, grade, status) VALUES ('22556399233', 'MK016', 57, 84, 100, 50, 51, 2.77, 'C', 'Lulus');
INSERT INTO "KRS" (nim, kode_matakuliah) VALUES ('22556399233', 'MK027');
INSERT INTO "Nilai" (nim, kode_matakuliah, absensi, tugas, quiz, uts, uas, nilai_akhir, grade, status) VALUES ('22556399233', 'MK027', 52, 60, 59, 58, 59, 2.08, 'C', 'Lulus');
INSERT INTO "KRS" (nim, kode_matakuliah) VALUES ('22556399233', 'MK015');
INSERT INTO "Nilai" (nim, kode_matakuliah, absensi, tugas, quiz, uts, uas, nilai_akhir, grade, status) VALUES ('22556399233', 'MK015', 90, 71, 75, 83, 65, 3.33, 'B', 'Lulus');
INSERT INTO "KRS" (nim, kode_matakuliah) VALUES ('22556399233', 'MK004');
INSERT INTO "Nilai" (nim, kode_matakuliah, absensi, tugas, quiz, uts, uas, nilai_akhir, grade, status) VALUES ('22556399233', 'MK004', 82, 93, 91, 81, 66, 3.37, 'B', 'Lulus');
INSERT INTO "KRS" (nim, kode_matakuliah) VALUES ('22556399233', 'MK006');
INSERT INTO "Nilai" (nim, kode_matakuliah, absensi, tugas, quiz, uts, uas, nilai_akhir, grade, status) VALUES ('22556399233', 'MK006', 54, 96, 85, 78, 60, 3.66, 'B', 'Lulus');
INSERT INTO "KRS" (nim, kode_matakuliah) VALUES ('25638530969', 'MK018');
INSERT INTO "Nilai" (nim, kode_matakuliah, absensi, tugas, quiz, uts, uas, nilai_akhir, grade, status) VALUES ('25638530969', 'MK018', 81, 66, 69, 90, 63, 3.47, 'B', 'Lulus');
INSERT INTO "KRS" (nim, kode_matakuliah) VALUES ('25638530969', 'MK008');
INSERT INTO "Nilai" (nim, kode_matakuliah, absensi, tugas, quiz, uts, uas, nilai_akhir, grade, status) VALUES ('25638530969', 'MK008', 92, 60, 96, 63, 57, 2.65, 'C', 'Lulus');
INSERT INTO "KRS" (nim, kode_matakuliah) VALUES ('25638530969', 'MK026');
INSERT INTO "Nilai" (nim, kode_matakuliah, absensi, tugas, quiz, uts, uas, nilai_akhir, grade, status) VALUES ('25638530969', 'MK026', 100, 77, 54, 69, 89, 3.46, 'B', 'Lulus');
INSERT INTO "KRS" (nim, kode_matakuliah) VALUES ('25237090467', 'MK026');
INSERT INTO "Nilai" (nim, kode_matakuliah, absensi, tugas, quiz, uts, uas, nilai_akhir, grade, status) VALUES ('25237090467', 'MK026', 66, 86, 100, 92, 51, 3.31, 'B', 'Lulus');
INSERT INTO "KRS" (nim, kode_matakuliah) VALUES ('25237090467', 'MK018');
INSERT INTO "Nilai" (nim, kode_matakuliah, absensi, tugas, quiz, uts, uas, nilai_akhir, grade, status) VALUES ('25237090467', 'MK018', 85, 57, 86, 81, 62, 3.59, 'B', 'Lulus');
INSERT INTO "KRS" (nim, kode_matakuliah) VALUES ('25237090467', 'MK009');
INSERT INTO "Nilai" (nim, kode_matakuliah, absensi, tugas, quiz, uts, uas, nilai_akhir, grade, status) VALUES ('25237090467', 'MK009', 68, 100, 56, 68, 88, 3.0, 'B', 'Lulus');
INSERT INTO "KRS" (nim, kode_matakuliah) VALUES ('25237090467', 'MK001');
INSERT INTO "Nilai" (nim, kode_matakuliah, absensi, tugas, quiz, uts, uas, nilai_akhir, grade, status) VALUES ('25237090467', 'MK001', 73, 56, 88, 55, 57, 2.87, 'C', 'Lulus');
INSERT INTO "KRS" (nim, kode_matakuliah) VALUES ('25237090467', 'MK022');
INSERT INTO "Nilai" (nim, kode_matakuliah, absensi, tugas, quiz, uts, uas, nilai_akhir, grade, status) VALUES ('25237090467', 'MK022', 64, 52, 55, 70, 86, 2.84, 'C', 'Lulus');
INSERT INTO "KRS" (nim, kode_matakuliah) VALUES ('25237090467', 'MK031');
INSERT INTO "Nilai" (nim, kode_matakuliah, absensi, tugas, quiz, uts, uas, nilai_akhir, grade, status) VALUES ('25237090467', 'MK031', 76, 96, 84, 99, 69, 3.81, 'A', 'Lulus');
INSERT INTO "KRS" (nim, kode_matakuliah) VALUES ('25153527172', 'MK001');
INSERT INTO "Nilai" (nim, kode_matakuliah, absensi, tugas, quiz, uts, uas, nilai_akhir, grade, status) VALUES ('25153527172', 'MK001', 82, 93, 88, 84, 93, 3.91, 'A', 'Lulus');
INSERT INTO "KRS" (nim, kode_matakuliah) VALUES ('25153527172', 'MK026');
INSERT INTO "Nilai" (nim, kode_matakuliah, absensi, tugas, quiz, uts, uas, nilai_akhir, grade, status) VALUES ('25153527172', 'MK026', 56, 63, 82, 61, 66, 2.42, 'C', 'Lulus');
INSERT INTO "KRS" (nim, kode_matakuliah) VALUES ('25153527172', 'MK022');
INSERT INTO "Nilai" (nim, kode_matakuliah, absensi, tugas, quiz, uts, uas, nilai_akhir, grade, status) VALUES ('25153527172', 'MK022', 69, 64, 76, 83, 98, 3.39, 'B', 'Lulus');
INSERT INTO "KRS" (nim, kode_matakuliah) VALUES ('25153527172', 'MK009');
INSERT INTO "Nilai" (nim, kode_matakuliah, absensi, tugas, quiz, uts, uas, nilai_akhir, grade, status) VALUES ('25153527172', 'MK009', 66, 51, 93, 99, 72, 3.17, 'B', 'Lulus');
INSERT INTO "KRS" (nim, kode_matakuliah) VALUES ('25153527172', 'MK018');
INSERT INTO "Nilai" (nim, kode_matakuliah, absensi, tugas, quiz, uts, uas, nilai_akhir, grade, status) VALUES ('25153527172', 'MK018', 87, 87, 92, 80, 65, 3.61, 'B', 'Lulus');
INSERT INTO "KRS" (nim, kode_matakuliah) VALUES ('25779056260', 'MK018');
INSERT INTO "Nilai" (nim, kode_matakuliah, absensi, tugas, quiz, uts, uas, nilai_akhir, grade, status) VALUES ('25779056260', 'MK018', 98, 92, 65, 69, 96, 3.56, 'B', 'Lulus');
INSERT INTO "KRS" (nim, kode_matakuliah) VALUES ('25779056260', 'MK022');
INSERT INTO "Nilai" (nim, kode_matakuliah, absensi, tugas, quiz, uts, uas, nilai_akhir, grade, status) VALUES ('25779056260', 'MK022', 84, 73, 51, 84, 66, 3.52, 'B', 'Lulus');
INSERT INTO "KRS" (nim, kode_matakuliah) VALUES ('25779056260', 'MK009');
INSERT INTO "Nilai" (nim, kode_matakuliah, absensi, tugas, quiz, uts, uas, nilai_akhir, grade, status) VALUES ('25779056260', 'MK009', 80, 54, 82, 57, 63, 2.86, 'C', 'Lulus');
INSERT INTO "KRS" (nim, kode_matakuliah) VALUES ('25779056260', 'MK010');
INSERT INTO "Nilai" (nim, kode_matakuliah, absensi, tugas, quiz, uts, uas, nilai_akhir, grade, status) VALUES ('25779056260', 'MK010', 54, 72, 81, 80, 85, 3.17, 'B', 'Lulus');
INSERT INTO "KRS" (nim, kode_matakuliah) VALUES ('22308659427', 'MK032');
INSERT INTO "Nilai" (nim, kode_matakuliah, absensi, tugas, quiz, uts, uas, nilai_akhir, grade, status) VALUES ('22308659427', 'MK032', 99, 53, 50, 71, 92, 3.39, 'B', 'Lulus');
INSERT INTO "KRS" (nim, kode_matakuliah) VALUES ('22308659427', 'MK006');
INSERT INTO "Nilai" (nim, kode_matakuliah, absensi, tugas, quiz, uts, uas, nilai_akhir, grade, status) VALUES ('22308659427', 'MK006', 85, 71, 90, 75, 68, 3.37, 'B', 'Lulus');
INSERT INTO "KRS" (nim, kode_matakuliah) VALUES ('22308659427', 'MK017');
INSERT INTO "Nilai" (nim, kode_matakuliah, absensi, tugas, quiz, uts, uas, nilai_akhir, grade, status) VALUES ('22308659427', 'MK017', 75, 72, 60, 95, 92, 3.16, 'B', 'Lulus');
INSERT INTO "KRS" (nim, kode_matakuliah) VALUES ('23554407033', 'MK011');
INSERT INTO "Nilai" (nim, kode_matakuliah, absensi, tugas, quiz, uts, uas, nilai_akhir, grade, status) VALUES ('23554407033', 'MK011', 58, 98, 89, 81, 72, 3.4, 'B', 'Lulus');
INSERT INTO "KRS" (nim, kode_matakuliah) VALUES ('23554407033', 'MK009');
INSERT INTO "Nilai" (nim, kode_matakuliah, absensi, tugas, quiz, uts, uas, nilai_akhir, grade, status) VALUES ('23554407033', 'MK009', 52, 75, 99, 67, 84, 3.29, 'B', 'Lulus');
INSERT INTO "KRS" (nim, kode_matakuliah) VALUES ('23554407033', 'MK031');
INSERT INTO "Nilai" (nim, kode_matakuliah, absensi, tugas, quiz, uts, uas, nilai_akhir, grade, status) VALUES ('23554407033', 'MK031', 54, 73, 97, 73, 99, 3.39, 'B', 'Lulus');
INSERT INTO "KRS" (nim, kode_matakuliah) VALUES ('23554407033', 'MK002');
INSERT INTO "Nilai" (nim, kode_matakuliah, absensi, tugas, quiz, uts, uas, nilai_akhir, grade, status) VALUES ('23554407033', 'MK002', 97, 67, 51, 55, 50, 2.74, 'C', 'Lulus');
INSERT INTO "KRS" (nim, kode_matakuliah) VALUES ('24818022632', 'MK015');
INSERT INTO "Nilai" (nim, kode_matakuliah, absensi, tugas, quiz, uts, uas, nilai_akhir, grade, status) VALUES ('24818022632', 'MK015', 60, 87, 80, 57, 57, 2.19, 'C', 'Lulus');
INSERT INTO "KRS" (nim, kode_matakuliah) VALUES ('24818022632', 'MK010');
INSERT INTO "Nilai" (nim, kode_matakuliah, absensi, tugas, quiz, uts, uas, nilai_akhir, grade, status) VALUES ('24818022632', 'MK010', 100, 73, 78, 99, 66, 3.33, 'B', 'Lulus');
INSERT INTO "KRS" (nim, kode_matakuliah) VALUES ('24818022632', 'MK016');
INSERT INTO "Nilai" (nim, kode_matakuliah, absensi, tugas, quiz, uts, uas, nilai_akhir, grade, status) VALUES ('24818022632', 'MK016', 69, 55, 64, 60, 89, 2.08, 'C', 'Lulus');
INSERT INTO "KRS" (nim, kode_matakuliah) VALUES ('24818022632', 'MK021');
INSERT INTO "Nilai" (nim, kode_matakuliah, absensi, tugas, quiz, uts, uas, nilai_akhir, grade, status) VALUES ('24818022632', 'MK021', 59, 80, 50, 62, 71, 2.4, 'C', 'Lulus');
INSERT INTO "KRS" (nim, kode_matakuliah) VALUES ('22190140562', 'MK011');
INSERT INTO "Nilai" (nim, kode_matakuliah, absensi, tugas, quiz, uts, uas, nilai_akhir, grade, status) VALUES ('22190140562', 'MK011', 73, 96, 76, 86, 98, 3.94, 'A', 'Lulus');
INSERT INTO "KRS" (nim, kode_matakuliah) VALUES ('22190140562', 'MK007');
INSERT INTO "Nilai" (nim, kode_matakuliah, absensi, tugas, quiz, uts, uas, nilai_akhir, grade, status) VALUES ('22190140562', 'MK007', 97, 79, 58, 100, 90, 3.91, 'A', 'Lulus');
INSERT INTO "KRS" (nim, kode_matakuliah) VALUES ('22190140562', 'MK031');
INSERT INTO "Nilai" (nim, kode_matakuliah, absensi, tugas, quiz, uts, uas, nilai_akhir, grade, status) VALUES ('22190140562', 'MK031', 55, 80, 75, 84, 86, 3.62, 'B', 'Lulus');
INSERT INTO "KRS" (nim, kode_matakuliah) VALUES ('22190140562', 'MK009');
INSERT INTO "Nilai" (nim, kode_matakuliah, absensi, tugas, quiz, uts, uas, nilai_akhir, grade, status) VALUES ('22190140562', 'MK009', 95, 60, 73, 96, 92, 4.0, 'A', 'Lulus');
INSERT INTO "KRS" (nim, kode_matakuliah) VALUES ('24661141698', 'MK016');
INSERT INTO "Nilai" (nim, kode_matakuliah, absensi, tugas, quiz, uts, uas, nilai_akhir, grade, status) VALUES ('24661141698', 'MK016', 59, 90, 50, 82, 94, 3.31, 'B', 'Lulus');
INSERT INTO "KRS" (nim, kode_matakuliah) VALUES ('24661141698', 'MK015');
INSERT INTO "Nilai" (nim, kode_matakuliah, absensi, tugas, quiz, uts, uas, nilai_akhir, grade, status) VALUES ('24661141698', 'MK015', 98, 85, 82, 70, 75, 3.53, 'B', 'Lulus');
INSERT INTO "KRS" (nim, kode_matakuliah) VALUES ('24661141698', 'MK010');
INSERT INTO "Nilai" (nim, kode_matakuliah, absensi, tugas, quiz, uts, uas, nilai_akhir, grade, status) VALUES ('24661141698', 'MK010', 88, 95, 96, 60, 57, 3.66, 'B', 'Lulus');
INSERT INTO "KRS" (nim, kode_matakuliah) VALUES ('24661141698', 'MK027');
INSERT INTO "Nilai" (nim, kode_matakuliah, absensi, tugas, quiz, uts, uas, nilai_akhir, grade, status) VALUES ('24661141698', 'MK027', 58, 80, 77, 79, 85, 3.08, 'B', 'Lulus');
INSERT INTO "KRS" (nim, kode_matakuliah) VALUES ('23178368218', 'MK008');
INSERT INTO "Nilai" (nim, kode_matakuliah, absensi, tugas, quiz, uts, uas, nilai_akhir, grade, status) VALUES ('23178368218', 'MK008', 60, 63, 58, 54, 71, 2.67, 'C', 'Lulus');
INSERT INTO "KRS" (nim, kode_matakuliah) VALUES ('23178368218', 'MK025');
INSERT INTO "Nilai" (nim, kode_matakuliah, absensi, tugas, quiz, uts, uas, nilai_akhir, grade, status) VALUES ('23178368218', 'MK025', 68, 56, 61, 61, 83, 2.44, 'C', 'Lulus');
INSERT INTO "KRS" (nim, kode_matakuliah) VALUES ('23178368218', 'MK029');
INSERT INTO "Nilai" (nim, kode_matakuliah, absensi, tugas, quiz, uts, uas, nilai_akhir, grade, status) VALUES ('23178368218', 'MK029', 79, 83, 62, 79, 79, 3.63, 'B', 'Lulus');
INSERT INTO "KRS" (nim, kode_matakuliah) VALUES ('23178368218', 'MK026');
INSERT INTO "Nilai" (nim, kode_matakuliah, absensi, tugas, quiz, uts, uas, nilai_akhir, grade, status) VALUES ('23178368218', 'MK026', 81, 81, 54, 78, 75, 3.69, 'B', 'Lulus');
INSERT INTO "KRS" (nim, kode_matakuliah) VALUES ('23178368218', 'MK005');
INSERT INTO "Nilai" (nim, kode_matakuliah, absensi, tugas, quiz, uts, uas, nilai_akhir, grade, status) VALUES ('23178368218', 'MK005', 58, 90, 92, 92, 73, 3.41, 'B', 'Lulus');
INSERT INTO "KRS" (nim, kode_matakuliah) VALUES ('23660453530', 'MK031');
INSERT INTO "Nilai" (nim, kode_matakuliah, absensi, tugas, quiz, uts, uas, nilai_akhir, grade, status) VALUES ('23660453530', 'MK031', 94, 87, 95, 64, 87, 3.3, 'B', 'Lulus');
INSERT INTO "KRS" (nim, kode_matakuliah) VALUES ('23660453530', 'MK011');
INSERT INTO "Nilai" (nim, kode_matakuliah, absensi, tugas, quiz, uts, uas, nilai_akhir, grade, status) VALUES ('23660453530', 'MK011', 68, 62, 51, 77, 87, 3.23, 'B', 'Lulus');
INSERT INTO "KRS" (nim, kode_matakuliah) VALUES ('23660453530', 'MK002');
INSERT INTO "Nilai" (nim, kode_matakuliah, absensi, tugas, quiz, uts, uas, nilai_akhir, grade, status) VALUES ('23660453530', 'MK002', 83, 82, 82, 83, 69, 3.58, 'B', 'Lulus');
INSERT INTO "KRS" (nim, kode_matakuliah) VALUES ('24452479523', 'MK027');
INSERT INTO "Nilai" (nim, kode_matakuliah, absensi, tugas, quiz, uts, uas, nilai_akhir, grade, status) VALUES ('24452479523', 'MK027', 81, 78, 88, 59, 62, 2.76, 'C', 'Lulus');
INSERT INTO "KRS" (nim, kode_matakuliah) VALUES ('24452479523', 'MK016');
INSERT INTO "Nilai" (nim, kode_matakuliah, absensi, tugas, quiz, uts, uas, nilai_akhir, grade, status) VALUES ('24452479523', 'MK016', 78, 84, 73, 96, 76, 3.4, 'B', 'Lulus');
INSERT INTO "KRS" (nim, kode_matakuliah) VALUES ('24452479523', 'MK010');
INSERT INTO "Nilai" (nim, kode_matakuliah, absensi, tugas, quiz, uts, uas, nilai_akhir, grade, status) VALUES ('24452479523', 'MK010', 73, 99, 96, 58, 94, 3.45, 'B', 'Lulus');
INSERT INTO "KRS" (nim, kode_matakuliah) VALUES ('24452479523', 'MK015');
INSERT INTO "Nilai" (nim, kode_matakuliah, absensi, tugas, quiz, uts, uas, nilai_akhir, grade, status) VALUES ('24452479523', 'MK015', 97, 59, 58, 92, 71, 3.4, 'B', 'Lulus');
INSERT INTO "KRS" (nim, kode_matakuliah) VALUES ('24452479523', 'MK030');
INSERT INTO "Nilai" (nim, kode_matakuliah, absensi, tugas, quiz, uts, uas, nilai_akhir, grade, status) VALUES ('24452479523', 'MK030', 83, 51, 69, 75, 71, 2.36, 'C', 'Lulus');
INSERT INTO "KRS" (nim, kode_matakuliah) VALUES ('22706218186', 'MK007');
INSERT INTO "Nilai" (nim, kode_matakuliah, absensi, tugas, quiz, uts, uas, nilai_akhir, grade, status) VALUES ('22706218186', 'MK007', 59, 57, 69, 75, 78, 3.09, 'B', 'Lulus');
INSERT INTO "KRS" (nim, kode_matakuliah) VALUES ('22706218186', 'MK009');
INSERT INTO "Nilai" (nim, kode_matakuliah, absensi, tugas, quiz, uts, uas, nilai_akhir, grade, status) VALUES ('22706218186', 'MK009', 65, 91, 90, 72, 57, 3.56, 'B', 'Lulus');
INSERT INTO "KRS" (nim, kode_matakuliah) VALUES ('22706218186', 'MK011');
INSERT INTO "Nilai" (nim, kode_matakuliah, absensi, tugas, quiz, uts, uas, nilai_akhir, grade, status) VALUES ('22706218186', 'MK011', 76, 75, 91, 60, 79, 3.62, 'B', 'Lulus');
INSERT INTO "KRS" (nim, kode_matakuliah) VALUES ('22706218186', 'MK002');
INSERT INTO "Nilai" (nim, kode_matakuliah, absensi, tugas, quiz, uts, uas, nilai_akhir, grade, status) VALUES ('22706218186', 'MK002', 85, 61, 82, 69, 99, 3.46, 'B', 'Lulus');
INSERT INTO "KRS" (nim, kode_matakuliah) VALUES ('22706218186', 'MK031');
INSERT INTO "Nilai" (nim, kode_matakuliah, absensi, tugas, quiz, uts, uas, nilai_akhir, grade, status) VALUES ('22706218186', 'MK031', 91, 77, 82, 69, 69, 3.46, 'B', 'Lulus');
INSERT INTO "KRS" (nim, kode_matakuliah) VALUES ('22715881975', 'MK003');
INSERT INTO "Nilai" (nim, kode_matakuliah, absensi, tugas, quiz, uts, uas, nilai_akhir, grade, status) VALUES ('22715881975', 'MK003', 94, 85, 86, 93, 99, 4.0, 'A', 'Lulus');
INSERT INTO "KRS" (nim, kode_matakuliah) VALUES ('22715881975', 'MK008');
INSERT INTO "Nilai" (nim, kode_matakuliah, absensi, tugas, quiz, uts, uas, nilai_akhir, grade, status) VALUES ('22715881975', 'MK008', 92, 99, 77, 92, 80, 3.82, 'A', 'Lulus');
INSERT INTO "KRS" (nim, kode_matakuliah) VALUES ('22715881975', 'MK024');
INSERT INTO "Nilai" (nim, kode_matakuliah, absensi, tugas, quiz, uts, uas, nilai_akhir, grade, status) VALUES ('22715881975', 'MK024', 84, 55, 84, 92, 83, 3.24, 'B', 'Lulus');
INSERT INTO "KRS" (nim, kode_matakuliah) VALUES ('22715881975', 'MK025');
INSERT INTO "Nilai" (nim, kode_matakuliah, absensi, tugas, quiz, uts, uas, nilai_akhir, grade, status) VALUES ('22715881975', 'MK025', 89, 100, 65, 92, 63, 3.18, 'B', 'Lulus');
INSERT INTO "KRS" (nim, kode_matakuliah) VALUES ('22715881975', 'MK013');
INSERT INTO "Nilai" (nim, kode_matakuliah, absensi, tugas, quiz, uts, uas, nilai_akhir, grade, status) VALUES ('22715881975', 'MK013', 95, 89, 61, 87, 85, 3.97, 'A', 'Lulus');
INSERT INTO "KRS" (nim, kode_matakuliah) VALUES ('22467841556', 'MK002');
INSERT INTO "Nilai" (nim, kode_matakuliah, absensi, tugas, quiz, uts, uas, nilai_akhir, grade, status) VALUES ('22467841556', 'MK002', 69, 73, 80, 59, 60, 2.67, 'C', 'Lulus');
INSERT INTO "KRS" (nim, kode_matakuliah) VALUES ('22467841556', 'MK011');
INSERT INTO "Nilai" (nim, kode_matakuliah, absensi, tugas, quiz, uts, uas, nilai_akhir, grade, status) VALUES ('22467841556', 'MK011', 87, 67, 77, 68, 64, 2.68, 'C', 'Lulus');
INSERT INTO "KRS" (nim, kode_matakuliah) VALUES ('22467841556', 'MK007');
INSERT INTO "Nilai" (nim, kode_matakuliah, absensi, tugas, quiz, uts, uas, nilai_akhir, grade, status) VALUES ('22467841556', 'MK007', 97, 50, 69, 71, 68, 2.32, 'C', 'Lulus');
INSERT INTO "KRS" (nim, kode_matakuliah) VALUES ('22467841556', 'MK031');
INSERT INTO "Nilai" (nim, kode_matakuliah, absensi, tugas, quiz, uts, uas, nilai_akhir, grade, status) VALUES ('22467841556', 'MK031', 60, 50, 56, 78, 82, 2.93, 'C', 'Lulus');
INSERT INTO "KRS" (nim, kode_matakuliah) VALUES ('25653059765', 'MK001');
INSERT INTO "Nilai" (nim, kode_matakuliah, absensi, tugas, quiz, uts, uas, nilai_akhir, grade, status) VALUES ('25653059765', 'MK001', 93, 66, 72, 55, 92, 3.14, 'B', 'Lulus');
INSERT INTO "KRS" (nim, kode_matakuliah) VALUES ('25653059765', 'MK008');
INSERT INTO "Nilai" (nim, kode_matakuliah, absensi, tugas, quiz, uts, uas, nilai_akhir, grade, status) VALUES ('25653059765', 'MK008', 56, 94, 91, 76, 82, 3.19, 'B', 'Lulus');
INSERT INTO "KRS" (nim, kode_matakuliah) VALUES ('25653059765', 'MK026');
INSERT INTO "Nilai" (nim, kode_matakuliah, absensi, tugas, quiz, uts, uas, nilai_akhir, grade, status) VALUES ('25653059765', 'MK026', 78, 99, 52, 55, 78, 3.39, 'B', 'Lulus');
INSERT INTO "KRS" (nim, kode_matakuliah) VALUES ('25653059765', 'MK009');
INSERT INTO "Nilai" (nim, kode_matakuliah, absensi, tugas, quiz, uts, uas, nilai_akhir, grade, status) VALUES ('25653059765', 'MK009', 79, 92, 65, 76, 60, 3.63, 'B', 'Lulus');
INSERT INTO "KRS" (nim, kode_matakuliah) VALUES ('25653059765', 'MK011');
INSERT INTO "Nilai" (nim, kode_matakuliah, absensi, tugas, quiz, uts, uas, nilai_akhir, grade, status) VALUES ('25653059765', 'MK011', 56, 79, 89, 75, 65, 3.47, 'B', 'Lulus');
INSERT INTO "KRS" (nim, kode_matakuliah) VALUES ('24904583109', 'MK014');
INSERT INTO "Nilai" (nim, kode_matakuliah, absensi, tugas, quiz, uts, uas, nilai_akhir, grade, status) VALUES ('24904583109', 'MK014', 99, 85, 61, 85, 66, 3.08, 'B', 'Lulus');
INSERT INTO "KRS" (nim, kode_matakuliah) VALUES ('24904583109', 'MK001');
INSERT INTO "Nilai" (nim, kode_matakuliah, absensi, tugas, quiz, uts, uas, nilai_akhir, grade, status) VALUES ('24904583109', 'MK001', 65, 90, 55, 50, 85, 3.58, 'B', 'Lulus');
INSERT INTO "KRS" (nim, kode_matakuliah) VALUES ('24904583109', 'MK022');
INSERT INTO "Nilai" (nim, kode_matakuliah, absensi, tugas, quiz, uts, uas, nilai_akhir, grade, status) VALUES ('24904583109', 'MK022', 52, 76, 85, 68, 69, 3.61, 'B', 'Lulus');
INSERT INTO "KRS" (nim, kode_matakuliah) VALUES ('24904583109', 'MK030');
INSERT INTO "Nilai" (nim, kode_matakuliah, absensi, tugas, quiz, uts, uas, nilai_akhir, grade, status) VALUES ('24904583109', 'MK030', 52, 60, 70, 76, 91, 3.42, 'B', 'Lulus');
INSERT INTO "KRS" (nim, kode_matakuliah) VALUES ('24194760272', 'MK008');
INSERT INTO "Nilai" (nim, kode_matakuliah, absensi, tugas, quiz, uts, uas, nilai_akhir, grade, status) VALUES ('24194760272', 'MK008', 54, 63, 97, 61, 89, 3.28, 'B', 'Lulus');
INSERT INTO "KRS" (nim, kode_matakuliah) VALUES ('24194760272', 'MK025');
INSERT INTO "Nilai" (nim, kode_matakuliah, absensi, tugas, quiz, uts, uas, nilai_akhir, grade, status) VALUES ('24194760272', 'MK025', 97, 88, 93, 70, 85, 3.15, 'B', 'Lulus');
INSERT INTO "KRS" (nim, kode_matakuliah) VALUES ('24194760272', 'MK018');
INSERT INTO "Nilai" (nim, kode_matakuliah, absensi, tugas, quiz, uts, uas, nilai_akhir, grade, status) VALUES ('24194760272', 'MK018', 83, 83, 54, 67, 61, 2.76, 'C', 'Lulus');
INSERT INTO "KRS" (nim, kode_matakuliah) VALUES ('24194760272', 'MK026');
INSERT INTO "Nilai" (nim, kode_matakuliah, absensi, tugas, quiz, uts, uas, nilai_akhir, grade, status) VALUES ('24194760272', 'MK026', 77, 53, 84, 81, 73, 3.57, 'B', 'Lulus');
INSERT INTO "KRS" (nim, kode_matakuliah) VALUES ('25251974514', 'MK022');
INSERT INTO "Nilai" (nim, kode_matakuliah, absensi, tugas, quiz, uts, uas, nilai_akhir, grade, status) VALUES ('25251974514', 'MK022', 79, 54, 68, 52, 65, 2.64, 'C', 'Lulus');
INSERT INTO "KRS" (nim, kode_matakuliah) VALUES ('25251974514', 'MK001');
INSERT INTO "Nilai" (nim, kode_matakuliah, absensi, tugas, quiz, uts, uas, nilai_akhir, grade, status) VALUES ('25251974514', 'MK001', 53, 50, 62, 90, 77, 3.03, 'B', 'Lulus');
INSERT INTO "KRS" (nim, kode_matakuliah) VALUES ('25251974514', 'MK002');
INSERT INTO "Nilai" (nim, kode_matakuliah, absensi, tugas, quiz, uts, uas, nilai_akhir, grade, status) VALUES ('25251974514', 'MK002', 68, 68, 69, 89, 74, 3.48, 'B', 'Lulus');
INSERT INTO "KRS" (nim, kode_matakuliah) VALUES ('24190725532', 'MK025');
INSERT INTO "Nilai" (nim, kode_matakuliah, absensi, tugas, quiz, uts, uas, nilai_akhir, grade, status) VALUES ('24190725532', 'MK025', 60, 65, 90, 52, 88, 3.01, 'B', 'Lulus');
INSERT INTO "KRS" (nim, kode_matakuliah) VALUES ('24190725532', 'MK026');
INSERT INTO "Nilai" (nim, kode_matakuliah, absensi, tugas, quiz, uts, uas, nilai_akhir, grade, status) VALUES ('24190725532', 'MK026', 63, 64, 75, 89, 62, 3.55, 'B', 'Lulus');
INSERT INTO "KRS" (nim, kode_matakuliah) VALUES ('24190725532', 'MK018');
INSERT INTO "Nilai" (nim, kode_matakuliah, absensi, tugas, quiz, uts, uas, nilai_akhir, grade, status) VALUES ('24190725532', 'MK018', 91, 73, 90, 93, 96, 3.74, 'A', 'Lulus');
INSERT INTO "KRS" (nim, kode_matakuliah) VALUES ('22557043143', 'MK025');
INSERT INTO "Nilai" (nim, kode_matakuliah, absensi, tugas, quiz, uts, uas, nilai_akhir, grade, status) VALUES ('22557043143', 'MK025', 68, 65, 57, 57, 94, 3.33, 'B', 'Lulus');
INSERT INTO "KRS" (nim, kode_matakuliah) VALUES ('22557043143', 'MK018');
INSERT INTO "Nilai" (nim, kode_matakuliah, absensi, tugas, quiz, uts, uas, nilai_akhir, grade, status) VALUES ('22557043143', 'MK018', 79, 89, 82, 94, 96, 3.96, 'A', 'Lulus');
INSERT INTO "KRS" (nim, kode_matakuliah) VALUES ('22557043143', 'MK024');
INSERT INTO "Nilai" (nim, kode_matakuliah, absensi, tugas, quiz, uts, uas, nilai_akhir, grade, status) VALUES ('22557043143', 'MK024', 64, 62, 75, 56, 93, 3.34, 'B', 'Lulus');
INSERT INTO "KRS" (nim, kode_matakuliah) VALUES ('22557043143', 'MK008');
INSERT INTO "Nilai" (nim, kode_matakuliah, absensi, tugas, quiz, uts, uas, nilai_akhir, grade, status) VALUES ('22557043143', 'MK008', 55, 83, 97, 62, 78, 3.02, 'B', 'Lulus');
INSERT INTO "KRS" (nim, kode_matakuliah) VALUES ('22557043143', 'MK012');
INSERT INTO "Nilai" (nim, kode_matakuliah, absensi, tugas, quiz, uts, uas, nilai_akhir, grade, status) VALUES ('22557043143', 'MK012', 99, 94, 80, 51, 60, 3.09, 'B', 'Lulus');
INSERT INTO "KRS" (nim, kode_matakuliah) VALUES ('23620265825', 'MK019');
INSERT INTO "Nilai" (nim, kode_matakuliah, absensi, tugas, quiz, uts, uas, nilai_akhir, grade, status) VALUES ('23620265825', 'MK019', 93, 51, 100, 97, 53, 3.23, 'B', 'Lulus');
INSERT INTO "KRS" (nim, kode_matakuliah) VALUES ('23620265825', 'MK021');
INSERT INTO "Nilai" (nim, kode_matakuliah, absensi, tugas, quiz, uts, uas, nilai_akhir, grade, status) VALUES ('23620265825', 'MK021', 56, 94, 82, 89, 90, 3.94, 'A', 'Lulus');
INSERT INTO "KRS" (nim, kode_matakuliah) VALUES ('23620265825', 'MK001');
INSERT INTO "Nilai" (nim, kode_matakuliah, absensi, tugas, quiz, uts, uas, nilai_akhir, grade, status) VALUES ('23620265825', 'MK001', 50, 65, 82, 89, 62, 3.33, 'B', 'Lulus');
INSERT INTO "KRS" (nim, kode_matakuliah) VALUES ('23620265825', 'MK012');
INSERT INTO "Nilai" (nim, kode_matakuliah, absensi, tugas, quiz, uts, uas, nilai_akhir, grade, status) VALUES ('23620265825', 'MK012', 81, 77, 95, 98, 76, 3.88, 'A', 'Lulus');
INSERT INTO "KRS" (nim, kode_matakuliah) VALUES ('25382982636', 'MK018');
INSERT INTO "Nilai" (nim, kode_matakuliah, absensi, tugas, quiz, uts, uas, nilai_akhir, grade, status) VALUES ('25382982636', 'MK018', 88, 65, 66, 78, 83, 3.15, 'B', 'Lulus');
INSERT INTO "KRS" (nim, kode_matakuliah) VALUES ('25382982636', 'MK009');
INSERT INTO "Nilai" (nim, kode_matakuliah, absensi, tugas, quiz, uts, uas, nilai_akhir, grade, status) VALUES ('25382982636', 'MK009', 54, 68, 91, 99, 88, 3.0, 'B', 'Lulus');
INSERT INTO "KRS" (nim, kode_matakuliah) VALUES ('25382982636', 'MK008');
INSERT INTO "Nilai" (nim, kode_matakuliah, absensi, tugas, quiz, uts, uas, nilai_akhir, grade, status) VALUES ('25382982636', 'MK008', 91, 53, 94, 68, 53, 2.29, 'C', 'Lulus');
INSERT INTO "KRS" (nim, kode_matakuliah) VALUES ('25382982636', 'MK001');
INSERT INTO "Nilai" (nim, kode_matakuliah, absensi, tugas, quiz, uts, uas, nilai_akhir, grade, status) VALUES ('25382982636', 'MK001', 98, 67, 77, 61, 98, 3.54, 'B', 'Lulus');
INSERT INTO "KRS" (nim, kode_matakuliah) VALUES ('25382982636', 'MK026');
INSERT INTO "Nilai" (nim, kode_matakuliah, absensi, tugas, quiz, uts, uas, nilai_akhir, grade, status) VALUES ('25382982636', 'MK026', 98, 50, 71, 90, 82, 3.0, 'B', 'Lulus');
INSERT INTO "KRS" (nim, kode_matakuliah) VALUES ('25382982636', 'MK015');
INSERT INTO "Nilai" (nim, kode_matakuliah, absensi, tugas, quiz, uts, uas, nilai_akhir, grade, status) VALUES ('25382982636', 'MK015', 71, 60, 78, 65, 61, 2.89, 'C', 'Lulus');
INSERT INTO "KRS" (nim, kode_matakuliah) VALUES ('23646193032', 'MK028');
INSERT INTO "Nilai" (nim, kode_matakuliah, absensi, tugas, quiz, uts, uas, nilai_akhir, grade, status) VALUES ('23646193032', 'MK028', 95, 92, 84, 91, 81, 4.0, 'A', 'Lulus');
INSERT INTO "KRS" (nim, kode_matakuliah) VALUES ('23646193032', 'MK030');
INSERT INTO "Nilai" (nim, kode_matakuliah, absensi, tugas, quiz, uts, uas, nilai_akhir, grade, status) VALUES ('23646193032', 'MK030', 61, 86, 88, 97, 72, 3.65, 'B', 'Lulus');
INSERT INTO "KRS" (nim, kode_matakuliah) VALUES ('23646193032', 'MK023');
INSERT INTO "Nilai" (nim, kode_matakuliah, absensi, tugas, quiz, uts, uas, nilai_akhir, grade, status) VALUES ('23646193032', 'MK023', 68, 62, 69, 81, 75, 3.64, 'B', 'Lulus');
INSERT INTO "KRS" (nim, kode_matakuliah) VALUES ('23646193032', 'MK019');
INSERT INTO "Nilai" (nim, kode_matakuliah, absensi, tugas, quiz, uts, uas, nilai_akhir, grade, status) VALUES ('23646193032', 'MK019', 75, 60, 67, 59, 77, 2.04, 'C', 'Lulus');
INSERT INTO "KRS" (nim, kode_matakuliah) VALUES ('23646193032', 'MK014');
INSERT INTO "Nilai" (nim, kode_matakuliah, absensi, tugas, quiz, uts, uas, nilai_akhir, grade, status) VALUES ('23646193032', 'MK014', 86, 69, 91, 81, 77, 3.1, 'B', 'Lulus');
INSERT INTO "KRS" (nim, kode_matakuliah) VALUES ('22908223940', 'MK018');
INSERT INTO "Nilai" (nim, kode_matakuliah, absensi, tugas, quiz, uts, uas, nilai_akhir, grade, status) VALUES ('22908223940', 'MK018', 50, 92, 72, 69, 60, 2.73, 'C', 'Lulus');
INSERT INTO "KRS" (nim, kode_matakuliah) VALUES ('22908223940', 'MK005');
INSERT INTO "Nilai" (nim, kode_matakuliah, absensi, tugas, quiz, uts, uas, nilai_akhir, grade, status) VALUES ('22908223940', 'MK005', 95, 52, 74, 92, 79, 3.21, 'B', 'Lulus');
INSERT INTO "KRS" (nim, kode_matakuliah) VALUES ('22908223940', 'MK026');
INSERT INTO "Nilai" (nim, kode_matakuliah, absensi, tugas, quiz, uts, uas, nilai_akhir, grade, status) VALUES ('22908223940', 'MK026', 77, 95, 73, 60, 82, 3.67, 'B', 'Lulus');
INSERT INTO "KRS" (nim, kode_matakuliah) VALUES ('24352665405', 'MK026');
INSERT INTO "Nilai" (nim, kode_matakuliah, absensi, tugas, quiz, uts, uas, nilai_akhir, grade, status) VALUES ('24352665405', 'MK026', 53, 78, 92, 68, 89, 3.68, 'B', 'Lulus');
INSERT INTO "KRS" (nim, kode_matakuliah) VALUES ('24352665405', 'MK008');
INSERT INTO "Nilai" (nim, kode_matakuliah, absensi, tugas, quiz, uts, uas, nilai_akhir, grade, status) VALUES ('24352665405', 'MK008', 83, 63, 96, 97, 78, 3.05, 'B', 'Lulus');
INSERT INTO "KRS" (nim, kode_matakuliah) VALUES ('24352665405', 'MK025');
INSERT INTO "Nilai" (nim, kode_matakuliah, absensi, tugas, quiz, uts, uas, nilai_akhir, grade, status) VALUES ('24352665405', 'MK025', 88, 77, 94, 67, 80, 3.15, 'B', 'Lulus');
INSERT INTO "KRS" (nim, kode_matakuliah) VALUES ('24352665405', 'MK018');
INSERT INTO "Nilai" (nim, kode_matakuliah, absensi, tugas, quiz, uts, uas, nilai_akhir, grade, status) VALUES ('24352665405', 'MK018', 71, 69, 81, 60, 61, 2.73, 'C', 'Lulus');
INSERT INTO "KRS" (nim, kode_matakuliah) VALUES ('23374649856', 'MK018');
INSERT INTO "Nilai" (nim, kode_matakuliah, absensi, tugas, quiz, uts, uas, nilai_akhir, grade, status) VALUES ('23374649856', 'MK018', 81, 73, 50, 60, 74, 2.42, 'C', 'Lulus');
INSERT INTO "KRS" (nim, kode_matakuliah) VALUES ('23374649856', 'MK029');
INSERT INTO "Nilai" (nim, kode_matakuliah, absensi, tugas, quiz, uts, uas, nilai_akhir, grade, status) VALUES ('23374649856', 'MK029', 59, 72, 55, 73, 79, 3.03, 'B', 'Lulus');
INSERT INTO "KRS" (nim, kode_matakuliah) VALUES ('23374649856', 'MK025');
INSERT INTO "Nilai" (nim, kode_matakuliah, absensi, tugas, quiz, uts, uas, nilai_akhir, grade, status) VALUES ('23374649856', 'MK025', 82, 100, 89, 73, 55, 3.45, 'B', 'Lulus');
INSERT INTO "KRS" (nim, kode_matakuliah) VALUES ('23374649856', 'MK013');
INSERT INTO "Nilai" (nim, kode_matakuliah, absensi, tugas, quiz, uts, uas, nilai_akhir, grade, status) VALUES ('23374649856', 'MK013', 83, 78, 100, 83, 90, 3.9, 'A', 'Lulus');
INSERT INTO "KRS" (nim, kode_matakuliah) VALUES ('23374649856', 'MK005');
INSERT INTO "Nilai" (nim, kode_matakuliah, absensi, tugas, quiz, uts, uas, nilai_akhir, grade, status) VALUES ('23374649856', 'MK005', 58, 80, 73, 53, 72, 2.33, 'C', 'Lulus');
INSERT INTO "KRS" (nim, kode_matakuliah) VALUES ('24420876179', 'MK018');
INSERT INTO "Nilai" (nim, kode_matakuliah, absensi, tugas, quiz, uts, uas, nilai_akhir, grade, status) VALUES ('24420876179', 'MK018', 63, 59, 54, 61, 63, 2.78, 'C', 'Lulus');
INSERT INTO "KRS" (nim, kode_matakuliah) VALUES ('24420876179', 'MK008');
INSERT INTO "Nilai" (nim, kode_matakuliah, absensi, tugas, quiz, uts, uas, nilai_akhir, grade, status) VALUES ('24420876179', 'MK008', 70, 55, 56, 72, 100, 3.31, 'B', 'Lulus');
INSERT INTO "KRS" (nim, kode_matakuliah) VALUES ('24420876179', 'MK025');
INSERT INTO "Nilai" (nim, kode_matakuliah, absensi, tugas, quiz, uts, uas, nilai_akhir, grade, status) VALUES ('24420876179', 'MK025', 90, 73, 72, 59, 67, 2.06, 'C', 'Lulus');
INSERT INTO "KRS" (nim, kode_matakuliah) VALUES ('24420876179', 'MK026');
INSERT INTO "Nilai" (nim, kode_matakuliah, absensi, tugas, quiz, uts, uas, nilai_akhir, grade, status) VALUES ('24420876179', 'MK026', 55, 71, 79, 70, 64, 2.42, 'C', 'Lulus');
INSERT INTO "KRS" (nim, kode_matakuliah) VALUES ('24420876179', 'MK020');
INSERT INTO "Nilai" (nim, kode_matakuliah, absensi, tugas, quiz, uts, uas, nilai_akhir, grade, status) VALUES ('24420876179', 'MK020', 87, 95, 62, 91, 87, 3.8, 'A', 'Lulus');
